{
  "1467836873": {
    "date": "Mon Apr 06 22:26:33 PDT 2009",
    "username": "USERID_6",
    "tweet_text": " Body Of Missing Northern Calif. Girl Found: Police have found the remains of a missing Northern California girl .. http://tr.im/imji",
    "is_retweet": true,
    "num_liked": 6749
  },
  "1467837189": {
    "date": "Mon Apr 06 22:26:38 PDT 2009",
    "username": "USERID_7",
    "tweet_text": "@mangaaa I hope they will increase the capacity fast, yesterday was such a pain. Got the fail whale +15 times in 2 hours.... ",
    "is_retweet": true,
    "num_liked": 4338
  },
  "1467837384": {
    "date": "Mon Apr 06 22:26:42 PDT 2009",
    "username": "USERID_8",
    "tweet_text": "Behind on my classes for work ",
    "is_retweet": false,
    "num_liked": 5108
  },
  "1467837470": {
    "date": "Mon Apr 06 22:26:43 PDT 2009",
    "username": "USERID_4",
    "tweet_text": "watching &quot;House&quot; ",
    "is_retweet": true,
    "num_liked": 1585
  },
  "1467837579": {
    "date": "Mon Apr 06 22:26:45 PDT 2009",
    "username": "USERID_9",
    "tweet_text": "@kpreyes Remember my bum leg? Strikes back this time its serious ",
    "is_retweet": false,
    "num_liked": 2168
  },
  "1467837602": {
    "date": "Mon Apr 06 22:26:45 PDT 2009",
    "username": "USERID_6",
    "tweet_text": "@paradisej cool, i will. their are all kinds of complaints about this laptop online about overheating, but no recalls ",
    "is_retweet": true,
    "num_liked": 5934
  },
  "1467837762": {
    "date": "Mon Apr 06 22:26:48 PDT 2009",
    "username": "USERID_4",
    "tweet_text": "Emily will be glad when Mommy is done training at her new job. She misses her.  http://apps.facebook.com/dogbook/profile/view/6176014",
    "is_retweet": false,
    "num_liked": 2452
  },
  "1467837819": {
    "date": "Mon Apr 06 22:26:49 PDT 2009",
    "username": "USERID_8",
    "tweet_text": "would rather the first party send bad messages than the 3rd party send mixed ones  Sophmore year all over again?",
    "is_retweet": false,
    "num_liked": 3628
  },
  "1467837888": {
    "date": "Mon Apr 06 22:26:52 PDT 2009",
    "username": "USERID_9",
    "tweet_text": "@Henkuyinepu it's overrated ",
    "is_retweet": true,
    "num_liked": 5888
  },
  "1467838188": {
    "date": "Mon Apr 06 22:26:54 PDT 2009",
    "username": "USERID_9",
    "tweet_text": "@marykatherine_q i know! I heard it this afternoon and wondered the same thing. Moscow is so behind the times ",
    "is_retweet": false,
    "num_liked": 5756
  },
  "1467838189": {
    "date": "Mon Apr 06 22:26:54 PDT 2009",
    "username": "USERID_9",
    "tweet_text": "laying in bed with no voice.. ",
    "is_retweet": true,
    "num_liked": 7056
  },
  "1467838362": {
    "date": "Mon Apr 06 22:26:57 PDT 2009",
    "username": "USERID_6",
    "tweet_text": "I'm sooo sad!!! they killed off Kutner on House  whyyyyyyyy",
    "is_retweet": false,
    "num_liked": 7454
  },
  "1467838419": {
    "date": "Mon Apr 06 22:27:00 PDT 2009",
    "username": "USERID_7",
    "tweet_text": "@jacobsummers Sorry  tell them mea culpa from me and that I really am sorry.",
    "is_retweet": false,
    "num_liked": 3237
  },
  "1467838433": {
    "date": "Mon Apr 06 22:26:58 PDT 2009",
    "username": "USERID_10",
    "tweet_text": "@Alliana07 it didn't make any sense to me, the suicide thing. I refuse to believe that that is actually what happened. ",
    "is_retweet": false,
    "num_liked": 4174
  },
  "1467838630": {
    "date": "Mon Apr 06 22:27:02 PDT 2009",
    "username": "USERID_8",
    "tweet_text": "@salancaster  hope your ok.",
    "is_retweet": true,
    "num_liked": 4012
  },
  "1467839007": {
    "date": "Mon Apr 06 22:27:08 PDT 2009",
    "username": "USERID_7",
    "tweet_text": "@mercedesashley Damn! The grind is inspirational and saddening at the same time.  Don't want you to stop cuz I like what u do! Much love",
    "is_retweet": true,
    "num_liked": 373
  },
  "1467839405": {
    "date": "Mon Apr 06 22:27:15 PDT 2009",
    "username": "USERID_2",
    "tweet_text": "@HibaNick yeah aw but i know i wudnt stand a chance ",
    "is_retweet": true,
    "num_liked": 253
  },
  "1467839450": {
    "date": "Mon Apr 06 22:27:16 PDT 2009",
    "username": "USERID_7",
    "tweet_text": "ugh. cant sleep. its 1:30am. ",
    "is_retweet": true,
    "num_liked": 1500
  },
  "1467839477": {
    "date": "Mon Apr 06 22:27:16 PDT 2009",
    "username": "USERID_9",
    "tweet_text": "Hanging in Crooners. Wanna sing. Can't. Sucks. ",
    "is_retweet": false,
    "num_liked": 5472
  },
  "1467839586": {
    "date": "Mon Apr 06 22:27:18 PDT 2009",
    "username": "USERID_1",
    "tweet_text": "@eRRe_sC aaw i miss ya all too.. im leaving to BH tomorrow &quot;morning&quot; i think.. aww i wanna go to the beach w u girls!! ",
    "is_retweet": false,
    "num_liked": 3986
  },
  "1467839816": {
    "date": "Mon Apr 06 22:27:22 PDT 2009",
    "username": "USERID_4",
    "tweet_text": "wednesday my b-day n don't know what 2 do!  ",
    "is_retweet": true,
    "num_liked": 4115
  },
  "1467840016": {
    "date": "Mon Apr 06 22:27:25 PDT 2009",
    "username": "USERID_6",
    "tweet_text": "I know my life has been flipped upside down when I just thought in my head that some Ramen sounds good. ",
    "is_retweet": true,
    "num_liked": 6349
  },
  "1467840386": {
    "date": "Mon Apr 06 22:27:31 PDT 2009",
    "username": "USERID_5",
    "tweet_text": "I am in pain. My back and sides hurt. Not to mention crying is made of fail. ",
    "is_retweet": true,
    "num_liked": 4469
  },
  "1467840552": {
    "date": "Mon Apr 06 22:27:34 PDT 2009",
    "username": "USERID_2",
    "tweet_text": "Late night snack, glass of OJ b/c I'm &quot;down with the sickness&quot;, then back to sleep...ugh I hate getting sick... ",
    "is_retweet": false,
    "num_liked": 1667
  },
  "1467840629": {
    "date": "Mon Apr 06 22:27:35 PDT 2009",
    "username": "USERID_5",
    "tweet_text": "@allyheman but.. but.. but.. I'm not a big fan on camilla belle ",
    "is_retweet": true,
    "num_liked": 9927
  },
  "1467841189": {
    "date": "Mon Apr 06 22:27:45 PDT 2009",
    "username": "USERID_2",
    "tweet_text": "@grum WAH I can't see clip, must be el-stupido work filters. Can't wait 'till I get a 'puter. Something else 2 blame ex 4. He broke mine ",
    "is_retweet": true,
    "num_liked": 5012
  },
  "1467841204": {
    "date": "Mon Apr 06 22:27:45 PDT 2009",
    "username": "USERID_9",
    "tweet_text": "This week just seems to get longer and longer in terms of how much I need to do.. and how much I'm actually going to get done ",
    "is_retweet": true,
    "num_liked": 9236
  },
  "1467841832": {
    "date": "Mon Apr 06 22:27:55 PDT 2009",
    "username": "USERID_7",
    "tweet_text": "I'm so cold ",
    "is_retweet": true,
    "num_liked": 8179
  },
  "1467841885": {
    "date": "Mon Apr 06 22:27:56 PDT 2009",
    "username": "USERID_9",
    "tweet_text": "@thecoolestout Ehhh don't. Weather's gonna take a turn for the ugly tomorrow ",
    "is_retweet": true,
    "num_liked": 2020
  },
  "1467841897": {
    "date": "Mon Apr 06 22:27:56 PDT 2009",
    "username": "USERID_7",
    "tweet_text": "@chelserlynn haha its so cooooold in the d! and no  but you should still go to the show. they do some incredible stuff",
    "is_retweet": true,
    "num_liked": 6202
  },
  "1467841969": {
    "date": "Mon Apr 06 22:27:57 PDT 2009",
    "username": "USERID_8",
    "tweet_text": "Hoping the tummy rumbles go away soon ",
    "is_retweet": true,
    "num_liked": 9258
  },
  "1467842107": {
    "date": "Mon Apr 06 22:28:02 PDT 2009",
    "username": "USERID_8",
    "tweet_text": "@Knights_ No, no notice. They told me I'd be working tomorrow, and then I called the agency to follow up and they said it was over. ",
    "is_retweet": false,
    "num_liked": 8468
  },
  "1467842299": {
    "date": "Mon Apr 06 22:28:03 PDT 2009",
    "username": "USERID_1",
    "tweet_text": "almost bedtime ",
    "is_retweet": false,
    "num_liked": 4502
  },
  "1467842377": {
    "date": "Mon Apr 06 22:28:04 PDT 2009",
    "username": "USERID_5",
    "tweet_text": "I'm missing you babe..  but as long as your alive I'm happy.. Yawwwnn.. I'm tired my love imma try to sleep hopefully you had a headstart",
    "is_retweet": false,
    "num_liked": 5560
  },
  "1467842448": {
    "date": "Mon Apr 06 22:28:05 PDT 2009",
    "username": "USERID_10",
    "tweet_text": "Agh...snow!!! ",
    "is_retweet": true,
    "num_liked": 8310
  },
  "1467842568": {
    "date": "Mon Apr 06 22:28:07 PDT 2009",
    "username": "USERID_5",
    "tweet_text": "i miss kenny powers ",
    "is_retweet": true,
    "num_liked": 3816
  },
  "1467842607": {
    "date": "Mon Apr 06 22:28:09 PDT 2009",
    "username": "USERID_8",
    "tweet_text": "@BridgetsBeaches Thank you for letting people know, but now I'm sad that the direct message I got wasn't actually from Bridget ",
    "is_retweet": false,
    "num_liked": 1124
  },
  "1467842832": {
    "date": "Mon Apr 06 22:28:11 PDT 2009",
    "username": "USERID_9",
    "tweet_text": "...and, India missed out its 100th Test victory n 10th consecutive win without a loss. ",
    "is_retweet": true,
    "num_liked": 8768
  },
  "1467842837": {
    "date": "Mon Apr 06 22:28:11 PDT 2009",
    "username": "USERID_2",
    "tweet_text": "@JonathanRKnight I guess that's a no then. ",
    "is_retweet": true,
    "num_liked": 5590
  },
  "1467843075": {
    "date": "Mon Apr 06 22:28:15 PDT 2009",
    "username": "USERID_2",
    "tweet_text": "sadly is going to bed. ",
    "is_retweet": true,
    "num_liked": 8152
  },
  "1467843215": {
    "date": "Mon Apr 06 22:28:18 PDT 2009",
    "username": "USERID_1",
    "tweet_text": "@ozesteph1992 Shame to hear this Stephan ",
    "is_retweet": false,
    "num_liked": 5841
  },
  "1467843470": {
    "date": "Mon Apr 06 22:28:21 PDT 2009",
    "username": "USERID_3",
    "tweet_text": "@mrsaintnick hey! i'm leavin in the morning... ",
    "is_retweet": false,
    "num_liked": 6837
  },
  "1467843624": {
    "date": "Mon Apr 06 22:28:24 PDT 2009",
    "username": "USERID_5",
    "tweet_text": "laid around too much today... now my head hurts ",
    "is_retweet": true,
    "num_liked": 7881
  },
  "1467843647": {
    "date": "Mon Apr 06 22:28:24 PDT 2009",
    "username": "USERID_3",
    "tweet_text": "@twista202 I still haven't read the 9th&amp;10th Princess diaries  Saving Francesca made me cry at the end. Hmm those are easy books.",
    "is_retweet": true,
    "num_liked": 8138
  },
  "1467843734": {
    "date": "Mon Apr 06 22:28:26 PDT 2009",
    "username": "USERID_6",
    "tweet_text": "my nokia 1110 died..  ",
    "is_retweet": false,
    "num_liked": 2803
  },
  "1467843740": {
    "date": "Mon Apr 06 22:28:26 PDT 2009",
    "username": "USERID_3",
    "tweet_text": "My mom might have breast cancer won't find out anything for. Like a week I'm so worried! ",
    "is_retweet": true,
    "num_liked": 4380
  },
  "1467844097": {
    "date": "Mon Apr 06 22:28:33 PDT 2009",
    "username": "USERID_4",
    "tweet_text": "Going to sleep. Hoping tomorrow is a better day. ",
    "is_retweet": true,
    "num_liked": 8248
  },
  "1467844140": {
    "date": "Mon Apr 06 22:28:32 PDT 2009",
    "username": "USERID_9",
    "tweet_text": "@rumblepurr lol.. wish they understood daylight savings has ended though and breakfast is an hour later  They keep waking the kids up too",
    "is_retweet": true,
    "num_liked": 6837
  },
  "1467844157": {
    "date": "Mon Apr 06 22:28:32 PDT 2009",
    "username": "USERID_4",
    "tweet_text": "@onemoreproject that is lame ",
    "is_retweet": true,
    "num_liked": 1934
  },
  "1467844505": {
    "date": "Mon Apr 06 22:28:38 PDT 2009",
    "username": "USERID_3",
    "tweet_text": "I don't understand... I really don't ",
    "is_retweet": false,
    "num_liked": 1787
  }
}