{
  "5780": [
    "Vick",
    "B018Y229OU"
  ],
  "99764": [
    "Gator",
    "B018Y229OU"
  ],
  "74008": [
    "mloap",
    "B018Y229OU"
  ],
  "41820": [
    "GoodMan",
    "B018Y229OU"
  ],
  "88810": [
    "AB26",
    "B018Y229OU"
  ],
  "34084": [
    "HolaBird",
    "B018Y229OU"
  ],
  "75605": [
    "Sweetpea54",
    "B018Y229OU"
  ],
  "65305": [
    "domiller0550",
    "B018Y229OU"
  ],
  "47923": [
    "nanduedi",
    "B018Y229OU"
  ],
  "31504": [
    "sjay",
    "B018Y229OU"
  ],
  "58540": [
    "Sundown",
    "B018Y229OU"
  ],
  "69803": [
    "muscatine1989",
    "B018Y229OU"
  ],
  "27636": [
    "Thanory",
    "B018Y229OU"
  ]
}