{
  "65975": [
    "Perk",
    "B018Y229OU"
  ],
  "85608": [
    "Wentrini",
    "B018Y229OU"
  ],
  "65008": [
    "Msgray25",
    "B018Y229OU"
  ],
  "2241": [
    "Gr8lukrb",
    "B018Y229OU"
  ],
  "89468": [
    "Thomas",
    "B018Y229OU"
  ],
  "17689": [
    "HonestReviewer",
    "B018Y229OU"
  ],
  "27022": [
    "football5403",
    "B018Y229OU"
  ],
  "86888": [
    "Lules",
    "B018Y229OU"
  ],
  "26697": [
    "Meekho",
    "B018Y229OU"
  ],
  "41503": [
    "Bucks",
    "B018Y229OU"
  ],
  "97509": [
    "Sunking",
    "B018Y229OU"
  ],
  "22512": [
    "BillBoB",
    "B018Y229OU"
  ],
  "81415": [
    "sAris",
    "B018Y229OU"
  ],
  "62745": [
    "Gators",
    "B018Y229OU"
  ],
  "69181": [
    "Shawn28284729299291wiwow",
    "B018Y229OU"
  ],
  "54696": [
    "Don1973",
    "B018Y229OU"
  ],
  "98789": [
    "Mendo",
    "B018Y229OU"
  ],
  "81728": [
    "Ewood",
    "B018Y229OU"
  ],
  "92670": [
    "lopez2577",
    "B018Y229OU"
  ],
  "96209": [
    "Qtip70",
    "B018Y229OU"
  ],
  "52112": [
    "Papadrake",
    "B018Y229OU"
  ],
  "65630": [
    "MackWayne",
    "B018Y229OU"
  ],
  "92345": [
    "compassdave",
    "B018Y229OU"
  ],
  "76572": [
    "Lilbrit",
    "B018Y229OU"
  ],
  "41808": [
    "Xolo",
    "B018Y229OU"
  ],
  "59511": [
    "ereader",
    "B018Y229OU"
  ],
  "18632": [
    "Darrel",
    "B018Y229OU"
  ],
  "43738": [
    "Edrick",
    "B018Y229OU"
  ],
  "89444": [
    "Bev2016",
    "B018Y229OU"
  ],
  "60795": [
    "Mine",
    "B018Y229OU"
  ],
  "95876": [
    "7700",
    "B018Y229OU"
  ],
  "27315": [
    "geog",
    "B018Y229OU"
  ]
}