{
  "12196": [
    "jwmurphy56",
    "B018Y229OU"
  ],
  "91699": [
    "Maryann",
    "B018Y229OU"
  ],
  "99102": [
    "theofficialstealth",
    "B018Y229OU"
  ],
  "68202": [
    "vanessa",
    "B018Y229OU"
  ],
  "27002": [
    "Summerbunny",
    "B018Y229OU"
  ],
  "96205": [
    "poohbutt25",
    "B018Y229OU"
  ],
  "83008": [
    "Laceyrose24",
    "B018Y229OU"
  ],
  "31508": [
    "Harper747",
    "B018Y229OU"
  ],
  "76247": [
    "HARRY",
    "B018Y229OU"
  ],
  "55647": [
    "mindboy",
    "B018Y229OU"
  ],
  "73671": [
    "Neakk",
    "B018Y229OU"
  ],
  "29574": [
    "swan",
    "B018Y229OU"
  ],
  "44380": [
    "Tori",
    "B018Y229OU"
  ],
  "33109": [
    "Tedroses",
    "B018Y229OU"
  ],
  "22809": [
    "lovesmusic2016",
    "B018Y229OU"
  ],
  "20233": [
    "kj48",
    "B018Y229OU"
  ]
}