{
  "46663": [
    "Dmh1589",
    "B018Y229OU"
  ],
  "36363": [
    "Shoot2thril",
    "B018Y229OU"
  ],
  "15763": [
    "Barbara",
    "B018Y229OU"
  ],
  "5463": [
    "Elec8",
    "B018Y229OU"
  ],
  "54066": [
    "Silvrblur",
    "B018Y229OU"
  ],
  "33466": [
    "Trish",
    "B018Y229OU"
  ],
  "40869": [
    "airbear",
    "B018Y229OU"
  ],
  "30569": [
    "lorphe",
    "B018Y229OU"
  ],
  "89472": [
    "felix",
    "B018Y229OU"
  ],
  "48272": [
    "Bull99",
    "B018Y229OU"
  ],
  "37972": [
    "ty24",
    "B018Y229OU"
  ],
  "96875": [
    "Gurpreet",
    "B018Y229OU"
  ],
  "65975": [
    "Perk",
    "B018Y229OU"
  ],
  "24775": [
    "kabob",
    "B018Y229OU"
  ],
  "14475": [
    "Lateisha",
    "B018Y229OU"
  ],
  "93978": [
    "DatSEG",
    "B018Y229OU"
  ],
  "73378": [
    "chrisg5293",
    "B018Y229OU"
  ],
  "52778": [
    "GRWR",
    "B018Y229OU"
  ],
  "42478": [
    "Neeraj",
    "B018Y229OU"
  ],
  "32178": [
    "rojo",
    "B018Y229OU"
  ],
  "11578": [
    "Jazzy",
    "B018Y229OU"
  ],
  "1278": [
    "awesomeness",
    "B018Y229OU"
  ],
  "29281": [
    "star",
    "B018Y229OU"
  ],
  "18981": [
    "KaoticBliss",
    "B018Y229OU"
  ],
  "8681": [
    "BrandonT",
    "B018Y229OU"
  ],
  "88184": [
    "suresh",
    "B018Y229OU"
  ],
  "57284": [
    "daleparty",
    "B018Y229OU"
  ],
  "46984": [
    "Esquire404",
    "B018Y229OU"
  ],
  "36684": [
    "homegmom",
    "B018Y229OU"
  ],
  "5784": [
    "Monique",
    "B018Y229OU"
  ],
  "74987": [
    "Tatooine65",
    "B018Y229OU"
  ],
  "54387": [
    "Giselle",
    "B018Y229OU"
  ],
  "23487": [
    "Stag",
    "B018Y229OU"
  ],
  "13187": [
    "Drummer",
    "B018Y229OU"
  ],
  "92690": [
    "Stan",
    "B018Y229OU"
  ],
  "82390": [
    "Tweety",
    "B018Y229OU"
  ],
  "41190": [
    "Mrfunnypants69",
    "B018Y229OU"
  ],
  "30890": [
    "Lead",
    "B018Y229OU"
  ],
  "20590": [
    "Efrain",
    "B018Y229OU"
  ],
  "100093": [
    "Missh",
    "B018Y229OU"
  ],
  "69193": [
    "Oscar",
    "B018Y229OU"
  ],
  "48593": [
    "ConnorMacLeod",
    "B018Y229OU"
  ],
  "17693": [
    "PaMaNi",
    "B018Y229OU"
  ],
  "97196": [
    "Kelly",
    "B018Y229OU"
  ],
  "45696": [
    "Drossmill06",
    "B018Y229OU"
  ],
  "35396": [
    "Sammy",
    "B018Y229OU"
  ],
  "94299": [
    "Itwerks",
    "B018Y229OU"
  ],
  "73699": [
    "Gina",
    "B018Y229OU"
  ],
  "42799": [
    "Iamawesome",
    "B018Y229OU"
  ],
  "11899": [
    "Roma",
    "B018Y229OU"
  ],
  "91402": [
    "Happycustomer",
    "B018Y229OU"
  ],
  "60502": [
    "DenisetheOT",
    "B018Y229OU"
  ],
  "29602": [
    "Amys",
    "B018Y229OU"
  ],
  "19302": [
    "Shiva",
    "B018Y229OU"
  ],
  "9002": [
    "Gwen",
    "B018Y229OU"
  ],
  "88505": [
    "Tbrown",
    "B018Y229OU"
  ],
  "78205": [
    "JASP",
    "B018Y229OU"
  ],
  "26705": [
    "Noble",
    "B018Y229OU"
  ],
  "16405": [
    "Wilson5",
    "B018Y229OU"
  ],
  "85608": [
    "Wentrini",
    "B018Y229OU"
  ],
  "65008": [
    "Msgray25",
    "B018Y229OU"
  ],
  "54708": [
    "bigred268504",
    "B018Y229OU"
  ],
  "34108": [
    "James",
    "B018Y229OU"
  ],
  "13508": [
    "Lildrvr42",
    "B018Y229OU"
  ],
  "3208": [
    "Troublemaker",
    "B018Y229OU"
  ],
  "82711": [
    "GIFTGIVER",
    "B018Y229OU"
  ],
  "72411": [
    "JayZ22",
    "B018Y229OU"
  ],
  "62111": [
    "Lucy",
    "B018Y229OU"
  ],
  "51811": [
    "Jazy105",
    "B018Y229OU"
  ],
  "90114": [
    "NEETSWORLD11",
    "B018Y229OU"
  ],
  "59214": [
    "Spec",
    "B018Y229OU"
  ],
  "48914": [
    "AnnaM",
    "B018Y229OU"
  ],
  "28314": [
    "Alo73",
    "B018Y229OU"
  ],
  "18014": [
    "Greg",
    "B018Y229OU"
  ],
  "7714": [
    "East",
    "B018Y229OU"
  ],
  "15117": [
    "Ronman",
    "B018Y229OU"
  ],
  "94620": [
    "Rocker75Mom",
    "B018Y229OU"
  ],
  "63720": [
    "Sporks35",
    "B018Y229OU"
  ],
  "32820": [
    "Good",
    "B018Y229OU"
  ],
  "12220": [
    "sher",
    "B018Y229OU"
  ],
  "1920": [
    "Murphy",
    "B018Y229OU"
  ],
  "91723": [
    "baronvs",
    "B018Y229OU"
  ],
  "71123": [
    "4Amore3",
    "B018Y229OU"
  ],
  "19623": [
    "Tracy",
    "B018Y229OU"
  ],
  "9323": [
    "matt2848",
    "B018Y229OU"
  ],
  "78526": [
    "Inks",
    "B018Y229OU"
  ],
  "68226": [
    "texaswichitagirl",
    "B018Y229OU"
  ],
  "57926": [
    "ddaman",
    "B018Y229OU"
  ],
  "6426": [
    "Mrtj",
    "B018Y229OU"
  ],
  "85929": [
    "Lisa",
    "B018Y229OU"
  ],
  "75629": [
    "Sokey",
    "B018Y229OU"
  ],
  "44729": [
    "JDBUD365",
    "B018Y229OU"
  ],
  "34429": [
    "Zpost",
    "B018Y229OU"
  ],
  "83032": [
    "kiddx",
    "B018Y229OU"
  ],
  "62432": [
    "BBMO",
    "B018Y229OU"
  ],
  "10932": [
    "taxman",
    "B018Y229OU"
  ],
  "59535": [
    "Nana50",
    "B018Y229OU"
  ],
  "18335": [
    "Ceebornqueen",
    "B018Y229OU"
  ],
  "87538": [
    "Slinky1914",
    "B018Y229OU"
  ],
  "77238": [
    "kenshiropower",
    "B018Y229OU"
  ],
  "56638": [
    "Kyrra62",
    "B018Y229OU"
  ],
  "5138": [
    "madsambritt",
    "B018Y229OU"
  ],
  "84641": [
    "zabintenn",
    "B018Y229OU"
  ],
  "53741": [
    "Teacher",
    "B018Y229OU"
  ],
  "43441": [
    "Texas82",
    "B018Y229OU"
  ],
  "12541": [
    "Lmap",
    "B018Y229OU"
  ],
  "2241": [
    "Gr8lukrb",
    "B018Y229OU"
  ],
  "71444": [
    "Falcon2685",
    "B018Y229OU"
  ],
  "99447": [
    "studman71",
    "B018Y229OU"
  ],
  "78847": [
    "Dono",
    "B018Y229OU"
  ],
  "68547": [
    "Meena20",
    "B018Y229OU"
  ],
  "58247": [
    "killershark",
    "B018Y229OU"
  ],
  "47947": [
    "craigin",
    "B018Y229OU"
  ],
  "27347": [
    "JSP123",
    "B018Y229OU"
  ],
  "17047": [
    "jlam61084",
    "B018Y229OU"
  ],
  "86250": [
    "Lcabellos",
    "B018Y229OU"
  ],
  "65650": [
    "MyBestBuy",
    "B018Y229OU"
  ],
  "45050": [
    "Hektek",
    "B018Y229OU"
  ],
  "34750": [
    "Williams519",
    "B018Y229OU"
  ],
  "24450": [
    "can3210",
    "B018Y229OU"
  ],
  "14150": [
    "Joaquin",
    "B018Y229OU"
  ],
  "83353": [
    "Wife",
    "B018Y229OU"
  ],
  "31853": [
    "Shaf",
    "B018Y229OU"
  ],
  "18656": [
    "mrgarcia",
    "B018Y229OU"
  ],
  "67259": [
    "Sancho",
    "B018Y229OU"
  ],
  "56959": [
    "Coop",
    "B018Y229OU"
  ],
  "95262": [
    "Tina",
    "B018Y229OU"
  ],
  "64362": [
    "pachavez2",
    "B018Y229OU"
  ],
  "12862": [
    "Snickers",
    "B018Y229OU"
  ],
  "2562": [
    "Toni6621",
    "B018Y229OU"
  ],
  "61465": [
    "jcv5095",
    "B018Y229OU"
  ],
  "30565": [
    "Id4pizzo",
    "B018Y229OU"
  ],
  "20265": [
    "kcups",
    "B018Y229OU"
  ],
  "99768": [
    "AlexG",
    "B018Y229OU"
  ],
  "89468": [
    "Thomas",
    "B018Y229OU"
  ],
  "37968": [
    "RockmanXEXE",
    "B018Y229OU"
  ],
  "27668": [
    "cruz002",
    "B018Y229OU"
  ],
  "17368": [
    "Babyg213",
    "B018Y229OU"
  ],
  "7068": [
    "MaxRandB",
    "B018Y229OU"
  ],
  "55671": [
    "Brian",
    "B018Y229OU"
  ],
  "24771": [
    "Joseph",
    "B018Y229OU"
  ],
  "14471": [
    "johns",
    "B018Y229OU"
  ],
  "93974": [
    "Shunta",
    "B018Y229OU"
  ],
  "83674": [
    "SunValley",
    "B018Y229OU"
  ],
  "73374": [
    "SuperNaw1",
    "B018Y229OU"
  ],
  "52774": [
    "Burns",
    "B018Y229OU"
  ],
  "21874": [
    "mspittman",
    "B018Y229OU"
  ],
  "11574": [
    "Traciw16",
    "B018Y229OU"
  ],
  "80777": [
    "Jvilla24",
    "B018Y229OU"
  ],
  "49877": [
    "Karma",
    "B018Y229OU"
  ],
  "18977": [
    "AaronF",
    "B018Y229OU"
  ],
  "98480": [
    "busybee",
    "B018Y229OU"
  ],
  "46980": [
    "Mel06",
    "B018Y229OU"
  ],
  "5780": [
    "Vick",
    "B018Y229OU"
  ],
  "74983": [
    "buyer",
    "B018Y229OU"
  ],
  "13183": [
    "Billy",
    "B018Y229OU"
  ],
  "82386": [
    "Betty",
    "B018Y229OU"
  ],
  "72086": [
    "Foodie",
    "B018Y229OU"
  ],
  "10286": [
    "Jasmin",
    "B018Y229OU"
  ],
  "100089": [
    "Benjamin",
    "B018Y229OU"
  ],
  "89789": [
    "gcumember",
    "B018Y229OU"
  ],
  "79489": [
    "NaVant",
    "B018Y229OU"
  ],
  "69189": [
    "Dlrkar2013",
    "B018Y229OU"
  ],
  "58889": [
    "Techfam",
    "B018Y229OU"
  ],
  "17689": [
    "HonestReviewer",
    "B018Y229OU"
  ],
  "7389": [
    "Pita",
    "B018Y229OU"
  ],
  "35392": [
    "RoyS",
    "B018Y229OU"
  ],
  "94295": [
    "Billmom",
    "B018Y229OU"
  ],
  "83995": [
    "Doris",
    "B018Y229OU"
  ],
  "73695": [
    "DaveyG",
    "B018Y229OU"
  ],
  "63395": [
    "Tablet",
    "B018Y229OU"
  ],
  "39898": [
    "Purplesjs",
    "B018Y229OU"
  ],
  "29598": [
    "Pooh",
    "B018Y229OU"
  ],
  "19298": [
    "TJOrange",
    "B018Y229OU"
  ],
  "8998": [
    "Prtykitty75",
    "B018Y229OU"
  ],
  "95904": [
    "Junn",
    "B018Y229OU"
  ],
  "65004": [
    "Damacanic",
    "B018Y229OU"
  ],
  "34104": [
    "DallasFan",
    "B018Y229OU"
  ],
  "13504": [
    "Herbar",
    "B018Y229OU"
  ],
  "82707": [
    "chemstar",
    "B018Y229OU"
  ],
  "51807": [
    "Jayg",
    "B018Y229OU"
  ],
  "69510": [
    "deee",
    "B018Y229OU"
  ],
  "28310": [
    "ladylove",
    "B018Y229OU"
  ],
  "76913": [
    "HappyCamper",
    "B018Y229OU"
  ],
  "66613": [
    "Bwilliams",
    "B018Y229OU"
  ],
  "35713": [
    "Duel33",
    "B018Y229OU"
  ],
  "15113": [
    "Kyungw83",
    "B018Y229OU"
  ],
  "94616": [
    "Sparky",
    "B018Y229OU"
  ],
  "84316": [
    "Sofrito",
    "B018Y229OU"
  ],
  "63716": [
    "Autism",
    "B018Y229OU"
  ],
  "32816": [
    "Vet1",
    "B018Y229OU"
  ],
  "1916": [
    "Zoemama",
    "B018Y229OU"
  ],
  "68222": [
    "Deec",
    "B018Y229OU"
  ],
  "37322": [
    "mins",
    "B018Y229OU"
  ],
  "27022": [
    "football5403",
    "B018Y229OU"
  ],
  "16722": [
    "Iggysoup",
    "B018Y229OU"
  ],
  "85925": [
    "pamt",
    "B018Y229OU"
  ],
  "65325": [
    "tinytuxedo",
    "B018Y229OU"
  ],
  "55025": [
    "BillyV",
    "B018Y229OU"
  ],
  "3525": [
    "SKINNI",
    "B018Y229OU"
  ],
  "72728": [
    "Quincey",
    "B018Y229OU"
  ],
  "628": [
    "TG65",
    "B018Y229OU"
  ],
  "90431": [
    "SomeGuy",
    "B018Y229OU"
  ],
  "59531": [
    "Happyhappy2b",
    "B018Y229OU"
  ],
  "38931": [
    "Kathy",
    "B018Y229OU"
  ],
  "18331": [
    "Wolfman",
    "B018Y229OU"
  ],
  "97834": [
    "Rep1647",
    "B018Y229OU"
  ],
  "66934": [
    "Dayday",
    "B018Y229OU"
  ],
  "46334": [
    "Josasfire",
    "B018Y229OU"
  ],
  "36034": [
    "Superman0814",
    "B018Y229OU"
  ],
  "25734": [
    "alex",
    "B018Y229OU"
  ],
  "12537": [
    "AMG2",
    "B018Y229OU"
  ],
  "71440": [
    "kira",
    "B018Y229OU"
  ],
  "50840": [
    "Scooby",
    "B018Y229OU"
  ],
  "68543": [
    "wmagle",
    "B018Y229OU"
  ],
  "47943": [
    "wahoo",
    "B018Y229OU"
  ],
  "96546": [
    "Poolman",
    "B018Y229OU"
  ],
  "75946": [
    "Bedo281",
    "B018Y229OU"
  ],
  "55346": [
    "kokirios77",
    "B018Y229OU"
  ],
  "45046": [
    "bearbud",
    "B018Y229OU"
  ],
  "24446": [
    "lady",
    "B018Y229OU"
  ],
  "14146": [
    "kabuki07",
    "B018Y229OU"
  ],
  "21549": [
    "Bkbear14",
    "B018Y229OU"
  ],
  "11249": [
    "Worthav",
    "B018Y229OU"
  ],
  "949": [
    "Bigdaddy",
    "B018Y229OU"
  ],
  "67255": [
    "Tinat514",
    "B018Y229OU"
  ],
  "56955": [
    "granddad2",
    "B018Y229OU"
  ],
  "15755": [
    "gdseric",
    "B018Y229OU"
  ],
  "5455": [
    "JBGmom",
    "B018Y229OU"
  ],
  "84958": [
    "mpheimlich",
    "B018Y229OU"
  ],
  "64358": [
    "uncleblue",
    "B018Y229OU"
  ],
  "12858": [
    "pearlywhites36",
    "B018Y229OU"
  ],
  "92361": [
    "Jacob",
    "B018Y229OU"
  ],
  "71761": [
    "sancyn",
    "B018Y229OU"
  ],
  "99764": [
    "Gator",
    "B018Y229OU"
  ],
  "68864": [
    "Bobwillie22",
    "B018Y229OU"
  ],
  "58564": [
    "Rtwistedmindz",
    "B018Y229OU"
  ],
  "37964": [
    "Gary",
    "B018Y229OU"
  ],
  "27664": [
    "theonlyrealmj",
    "B018Y229OU"
  ],
  "76267": [
    "Brooklynboy",
    "B018Y229OU"
  ],
  "65967": [
    "Gwapps",
    "B018Y229OU"
  ],
  "24767": [
    "lissalove212",
    "B018Y229OU"
  ],
  "83670": [
    "MRJJ",
    "B018Y229OU"
  ],
  "52770": [
    "TOTO",
    "B018Y229OU"
  ],
  "32170": [
    "Adub",
    "B018Y229OU"
  ],
  "80773": [
    "ssbu",
    "B018Y229OU"
  ],
  "98476": [
    "Curt",
    "B018Y229OU"
  ],
  "88176": [
    "ELL75092",
    "B018Y229OU"
  ],
  "77876": [
    "Jay2017",
    "B018Y229OU"
  ],
  "16076": [
    "Bebe",
    "B018Y229OU"
  ],
  "5776": [
    "Clowny92",
    "B018Y229OU"
  ],
  "54379": [
    "Wonder19",
    "B018Y229OU"
  ],
  "44079": [
    "Tricks87gr",
    "B018Y229OU"
  ],
  "33779": [
    "Reviewer",
    "B018Y229OU"
  ],
  "23479": [
    "dcplayer8",
    "B018Y229OU"
  ],
  "2879": [
    "MrsBoom",
    "B018Y229OU"
  ],
  "72082": [
    "Jws0",
    "B018Y229OU"
  ],
  "41182": [
    "mytyler1",
    "B018Y229OU"
  ],
  "100085": [
    "faysal",
    "B018Y229OU"
  ],
  "58885": [
    "Babykp",
    "B018Y229OU"
  ],
  "48585": [
    "djata",
    "B018Y229OU"
  ],
  "38285": [
    "BAR042917",
    "B018Y229OU"
  ],
  "27985": [
    "Tony",
    "B018Y229OU"
  ],
  "17685": [
    "Judy",
    "B018Y229OU"
  ],
  "97188": [
    "Ives",
    "B018Y229OU"
  ],
  "86888": [
    "Lules",
    "B018Y229OU"
  ],
  "25088": [
    "Jonzie",
    "B018Y229OU"
  ],
  "14788": [
    "HEIDI",
    "B018Y229OU"
  ],
  "83991": [
    "kell",
    "B018Y229OU"
  ],
  "73691": [
    "Tyree",
    "B018Y229OU"
  ],
  "32491": [
    "bwnjr",
    "B018Y229OU"
  ],
  "22191": [
    "kara",
    "B018Y229OU"
  ],
  "91394": [
    "terbear",
    "B018Y229OU"
  ],
  "39894": [
    "cabin",
    "B018Y229OU"
  ],
  "19294": [
    "BNDT",
    "B018Y229OU"
  ],
  "26697": [
    "Meekho",
    "B018Y229OU"
  ],
  "75300": [
    "TStipe",
    "B018Y229OU"
  ],
  "54700": [
    "Flynn",
    "B018Y229OU"
  ],
  "23800": [
    "Rio777",
    "B018Y229OU"
  ],
  "13500": [
    "mngirl456",
    "B018Y229OU"
  ],
  "3200": [
    "Moscatomama6",
    "B018Y229OU"
  ],
  "93003": [
    "Skierlv",
    "B018Y229OU"
  ],
  "41503": [
    "Bucks",
    "B018Y229OU"
  ],
  "31203": [
    "5150",
    "B018Y229OU"
  ],
  "69506": [
    "Sissy",
    "B018Y229OU"
  ],
  "59206": [
    "Lizard",
    "B018Y229OU"
  ],
  "48906": [
    "shannon",
    "B018Y229OU"
  ],
  "97509": [
    "Sunking",
    "B018Y229OU"
  ],
  "76909": [
    "Genie",
    "B018Y229OU"
  ],
  "46009": [
    "Nene",
    "B018Y229OU"
  ],
  "84312": [
    "momof2",
    "B018Y229OU"
  ],
  "43112": [
    "Gamerfan",
    "B018Y229OU"
  ],
  "32812": [
    "Gdavison",
    "B018Y229OU"
  ],
  "22512": [
    "BillBoB",
    "B018Y229OU"
  ],
  "1912": [
    "cipro",
    "B018Y229OU"
  ],
  "81415": [
    "sAris",
    "B018Y229OU"
  ],
  "71115": [
    "Pegsue828",
    "B018Y229OU"
  ],
  "50515": [
    "Kanda",
    "B018Y229OU"
  ],
  "19615": [
    "Bmarie",
    "B018Y229OU"
  ],
  "47618": [
    "RhianaH",
    "B018Y229OU"
  ],
  "27018": [
    "Pachuco94",
    "B018Y229OU"
  ],
  "55021": [
    "Bobby",
    "B018Y229OU"
  ],
  "13821": [
    "Rhenita",
    "B018Y229OU"
  ],
  "72724": [
    "Rude",
    "B018Y229OU"
  ],
  "31524": [
    "kevin1010",
    "B018Y229OU"
  ],
  "624": [
    "Laoh",
    "B018Y229OU"
  ],
  "90427": [
    "Phonepurchaser",
    "B018Y229OU"
  ],
  "80127": [
    "sweet",
    "B018Y229OU"
  ],
  "38927": [
    "taebrown88",
    "B018Y229OU"
  ],
  "66930": [
    "FMartinez0627",
    "B018Y229OU"
  ],
  "46330": [
    "DannyBoy",
    "B018Y229OU"
  ],
  "5130": [
    "Denisr",
    "B018Y229OU"
  ],
  "64033": [
    "Chelle",
    "B018Y229OU"
  ],
  "53733": [
    "Sidak",
    "B018Y229OU"
  ],
  "43433": [
    "ItsMe",
    "B018Y229OU"
  ],
  "22833": [
    "micheleb29",
    "B018Y229OU"
  ],
  "12533": [
    "RoRo",
    "B018Y229OU"
  ],
  "81736": [
    "lisabanks",
    "B018Y229OU"
  ],
  "61136": [
    "dana",
    "B018Y229OU"
  ],
  "50836": [
    "Pumpkin",
    "B018Y229OU"
  ],
  "30236": [
    "momo",
    "B018Y229OU"
  ],
  "19936": [
    "robert",
    "B018Y229OU"
  ],
  "99439": [
    "Ernieluna1007",
    "B018Y229OU"
  ],
  "78839": [
    "Fernando",
    "B018Y229OU"
  ],
  "47939": [
    "rosco",
    "B018Y229OU"
  ],
  "27339": [
    "pops",
    "B018Y229OU"
  ],
  "65642": [
    "DirkDiggler",
    "B018Y229OU"
  ],
  "55342": [
    "Jarry",
    "B018Y229OU"
  ],
  "34742": [
    "Seenu",
    "B018Y229OU"
  ],
  "24442": [
    "WMorgan",
    "B018Y229OU"
  ],
  "14142": [
    "Dyates0801",
    "B018Y229OU"
  ],
  "62745": [
    "Gators",
    "B018Y229OU"
  ],
  "11245": [
    "Srqlocal",
    "B018Y229OU"
  ],
  "945": [
    "patty",
    "B018Y229OU"
  ],
  "80448": [
    "Chaz4",
    "B018Y229OU"
  ],
  "39248": [
    "SB57",
    "B018Y229OU"
  ],
  "28948": [
    "WyldeBill",
    "B018Y229OU"
  ],
  "87851": [
    "phillitc",
    "B018Y229OU"
  ],
  "56951": [
    "Maddog",
    "B018Y229OU"
  ],
  "46651": [
    "Resse",
    "B018Y229OU"
  ],
  "15751": [
    "RAM123",
    "B018Y229OU"
  ],
  "95254": [
    "Will",
    "B018Y229OU"
  ],
  "74654": [
    "robskii1383",
    "B018Y229OU"
  ],
  "33454": [
    "Mamaw",
    "B018Y229OU"
  ],
  "12854": [
    "ExMP",
    "B018Y229OU"
  ],
  "2554": [
    "Mar-15",
    "B018Y229OU"
  ],
  "51157": [
    "Drwills1",
    "B018Y229OU"
  ],
  "40857": [
    "rabbit9413",
    "B018Y229OU"
  ],
  "58560": [
    "Yariza",
    "B018Y229OU"
  ],
  "37960": [
    "RJCHM",
    "B018Y229OU"
  ],
  "7060": [
    "Landon",
    "B018Y229OU"
  ],
  "86563": [
    "Gail",
    "B018Y229OU"
  ],
  "76263": [
    "Cub1968",
    "B018Y229OU"
  ],
  "24763": [
    "Kimmy",
    "B018Y229OU"
  ],
  "14463": [
    "Rachel",
    "B018Y229OU"
  ],
  "4163": [
    "azulesky12",
    "B018Y229OU"
  ],
  "93966": [
    "tnagle1960",
    "B018Y229OU"
  ],
  "52766": [
    "SanantonioEd",
    "B018Y229OU"
  ],
  "32166": [
    "Jocko",
    "B018Y229OU"
  ],
  "21866": [
    "Mmix2009",
    "B018Y229OU"
  ],
  "11566": [
    "mobb",
    "B018Y229OU"
  ],
  "1266": [
    "jlowery",
    "B018Y229OU"
  ],
  "60169": [
    "Clouis",
    "B018Y229OU"
  ],
  "39569": [
    "danielusmx",
    "B018Y229OU"
  ],
  "98472": [
    "Mikiry",
    "B018Y229OU"
  ],
  "67572": [
    "Bflochaz",
    "B018Y229OU"
  ],
  "57272": [
    "Angfoo",
    "B018Y229OU"
  ],
  "46972": [
    "will21",
    "B018Y229OU"
  ],
  "16072": [
    "davick",
    "B018Y229OU"
  ],
  "54375": [
    "Love2011",
    "B018Y229OU"
  ],
  "13175": [
    "candyman073",
    "B018Y229OU"
  ],
  "2875": [
    "Riverfork",
    "B018Y229OU"
  ],
  "92678": [
    "ManlyMan",
    "B018Y229OU"
  ],
  "41178": [
    "lost30sanctuary",
    "B018Y229OU"
  ],
  "10278": [
    "EX776",
    "B018Y229OU"
  ],
  "89781": [
    "Nagesh",
    "B018Y229OU"
  ],
  "69181": [
    "Shawn28284729299291wiwow",
    "B018Y229OU"
  ],
  "58881": [
    "Micar123",
    "B018Y229OU"
  ],
  "38281": [
    "Whovian",
    "B018Y229OU"
  ],
  "66284": [
    "Frann",
    "B018Y229OU"
  ],
  "55984": [
    "Funnie07",
    "B018Y229OU"
  ],
  "45684": [
    "lowe",
    "B018Y229OU"
  ],
  "14784": [
    "Tween",
    "B018Y229OU"
  ],
  "63387": [
    "judy",
    "B018Y229OU"
  ],
  "53087": [
    "LynchP1",
    "B018Y229OU"
  ],
  "32487": [
    "Myra",
    "B018Y229OU"
  ],
  "22187": [
    "littlelupey",
    "B018Y229OU"
  ],
  "1587": [
    "Bears702",
    "B018Y229OU"
  ],
  "91390": [
    "MArkus",
    "B018Y229OU"
  ],
  "81090": [
    "Ljohona",
    "B018Y229OU"
  ],
  "19290": [
    "miotab",
    "B018Y229OU"
  ],
  "8990": [
    "MikeT",
    "B018Y229OU"
  ],
  "47293": [
    "nita1971",
    "B018Y229OU"
  ],
  "64996": [
    "Hunior",
    "B018Y229OU"
  ],
  "54696": [
    "Don1973",
    "B018Y229OU"
  ],
  "92999": [
    "Leftfielderror",
    "B018Y229OU"
  ],
  "20899": [
    "Sugarsmack24",
    "B018Y229OU"
  ],
  "28302": [
    "Dayla",
    "B018Y229OU"
  ],
  "18002": [
    "Bestbuymember",
    "B018Y229OU"
  ],
  "25405": [
    "MikeG",
    "B018Y229OU"
  ],
  "15105": [
    "Chitty",
    "B018Y229OU"
  ],
  "4805": [
    "Fred",
    "B018Y229OU"
  ],
  "94608": [
    "Lady0809",
    "B018Y229OU"
  ],
  "84308": [
    "Doug1985",
    "B018Y229OU"
  ],
  "74008": [
    "mloap",
    "B018Y229OU"
  ],
  "43108": [
    "cplcombat",
    "B018Y229OU"
  ],
  "22508": [
    "Benji",
    "B018Y229OU"
  ],
  "12208": [
    "Jpg11",
    "B018Y229OU"
  ],
  "50511": [
    "easyeddie44",
    "B018Y229OU"
  ],
  "40211": [
    "Beee",
    "B018Y229OU"
  ],
  "19611": [
    "joelnievespr",
    "B018Y229OU"
  ],
  "99114": [
    "Tawaunad",
    "B018Y229OU"
  ],
  "68214": [
    "batman89",
    "B018Y229OU"
  ],
  "57914": [
    "Noreen",
    "B018Y229OU"
  ],
  "37314": [
    "mrdna03",
    "B018Y229OU"
  ],
  "96217": [
    "Jaysgirl",
    "B018Y229OU"
  ],
  "34417": [
    "Vvendi",
    "B018Y229OU"
  ],
  "24117": [
    "beyonce41",
    "B018Y229OU"
  ],
  "13817": [
    "Fyrenug",
    "B018Y229OU"
  ],
  "52120": [
    "waggem25",
    "B018Y229OU"
  ],
  "41820": [
    "GoodMan",
    "B018Y229OU"
  ],
  "21220": [
    "Jniteson",
    "B018Y229OU"
  ],
  "10920": [
    "Bryceakatoss",
    "B018Y229OU"
  ],
  "59523": [
    "LBkd",
    "B018Y229OU"
  ],
  "49223": [
    "Eliza",
    "B018Y229OU"
  ],
  "38923": [
    "JanetO",
    "B018Y229OU"
  ],
  "8023": [
    "Free2love20",
    "B018Y229OU"
  ],
  "46326": [
    "goodfella",
    "B018Y229OU"
  ],
  "36026": [
    "vickie",
    "B018Y229OU"
  ],
  "25726": [
    "lifeinlosangeles",
    "B018Y229OU"
  ],
  "15426": [
    "Shan",
    "B018Y229OU"
  ],
  "5126": [
    "Quitos",
    "B018Y229OU"
  ],
  "84629": [
    "SecretSquirrel",
    "B018Y229OU"
  ],
  "64029": [
    "marcher1991",
    "B018Y229OU"
  ],
  "12529": [
    "bsugrad1970",
    "B018Y229OU"
  ],
  "92032": [
    "sturmrl",
    "B018Y229OU"
  ],
  "71432": [
    "Zimm",
    "B018Y229OU"
  ],
  "30232": [
    "kenken01",
    "B018Y229OU"
  ],
  "9632": [
    "Shellycja",
    "B018Y229OU"
  ],
  "78835": [
    "Firedog427",
    "B018Y229OU"
  ],
  "68535": [
    "Shelley",
    "B018Y229OU"
  ],
  "58235": [
    "Mongs",
    "B018Y229OU"
  ],
  "96538": [
    "bigm",
    "B018Y229OU"
  ],
  "34738": [
    "Slim",
    "B018Y229OU"
  ],
  "14138": [
    "javajenny2k",
    "B018Y229OU"
  ],
  "11241": [
    "Jay323",
    "B018Y229OU"
  ],
  "941": [
    "Pradeep",
    "B018Y229OU"
  ],
  "80444": [
    "KindleReader",
    "B018Y229OU"
  ],
  "28944": [
    "bestbuymember",
    "B018Y229OU"
  ],
  "77547": [
    "Brianschultz1",
    "B018Y229OU"
  ],
  "56947": [
    "alanb4130",
    "B018Y229OU"
  ],
  "36347": [
    "Bryant612",
    "B018Y229OU"
  ],
  "5447": [
    "reesie",
    "B018Y229OU"
  ],
  "54050": [
    "TrueReview",
    "B018Y229OU"
  ],
  "12850": [
    "horacio",
    "B018Y229OU"
  ],
  "51153": [
    "Bjpbmp",
    "B018Y229OU"
  ],
  "9953": [
    "foreverstudentwithmany",
    "B018Y229OU"
  ],
  "99756": [
    "Nilminho",
    "B018Y229OU"
  ],
  "89456": [
    "Syenna62",
    "B018Y229OU"
  ],
  "79156": [
    "Ivancitoo",
    "B018Y229OU"
  ],
  "58556": [
    "MomPhillips",
    "B018Y229OU"
  ],
  "48256": [
    "sagitt",
    "B018Y229OU"
  ],
  "27656": [
    "flintstone",
    "B018Y229OU"
  ],
  "17356": [
    "Holly",
    "B018Y229OU"
  ],
  "65959": [
    "missymom",
    "B018Y229OU"
  ],
  "35059": [
    "Eolas5495",
    "B018Y229OU"
  ],
  "14459": [
    "MrTee",
    "B018Y229OU"
  ],
  "83662": [
    "Kenya",
    "B018Y229OU"
  ],
  "73362": [
    "Sugarplum",
    "B018Y229OU"
  ],
  "63062": [
    "Moe1",
    "B018Y229OU"
  ],
  "52762": [
    "cjnsjn",
    "B018Y229OU"
  ],
  "91065": [
    "Brian2015",
    "B018Y229OU"
  ],
  "8665": [
    "jvdmgl",
    "B018Y229OU"
  ],
  "85271": [
    "Kalee",
    "B018Y229OU"
  ],
  "44071": [
    "Gigi",
    "B018Y229OU"
  ],
  "23471": [
    "Nanasvette",
    "B018Y229OU"
  ],
  "92674": [
    "Athena06",
    "B018Y229OU"
  ],
  "82374": [
    "Cathy",
    "B018Y229OU"
  ],
  "61774": [
    "Horsediva",
    "B018Y229OU"
  ],
  "51474": [
    "EMC2",
    "B018Y229OU"
  ],
  "10274": [
    "Nono",
    "B018Y229OU"
  ],
  "100077": [
    "Gretchen",
    "B018Y229OU"
  ],
  "89777": [
    "Gmcclen",
    "B018Y229OU"
  ],
  "79477": [
    "Bala",
    "B018Y229OU"
  ],
  "69177": [
    "Jmta2210",
    "B018Y229OU"
  ],
  "27977": [
    "bbreviewer",
    "B018Y229OU"
  ],
  "17677": [
    "Spike",
    "B018Y229OU"
  ],
  "86880": [
    "5372",
    "B018Y229OU"
  ],
  "66280": [
    "Coconut",
    "B018Y229OU"
  ],
  "14780": [
    "Mingas",
    "B018Y229OU"
  ],
  "4480": [
    "Nehsh",
    "B018Y229OU"
  ],
  "94283": [
    "Mommy1",
    "B018Y229OU"
  ],
  "73683": [
    "Leite",
    "B018Y229OU"
  ],
  "42783": [
    "Nette",
    "B018Y229OU"
  ],
  "11883": [
    "Mario",
    "B018Y229OU"
  ],
  "1583": [
    "lennyh",
    "B018Y229OU"
  ],
  "81086": [
    "lalo",
    "B018Y229OU"
  ],
  "50186": [
    "Dalayna",
    "B018Y229OU"
  ],
  "19286": [
    "Lacy",
    "B018Y229OU"
  ],
  "8986": [
    "Tammy",
    "B018Y229OU"
  ],
  "98789": [
    "Mendo",
    "B018Y229OU"
  ],
  "47289": [
    "Hermcat",
    "B018Y229OU"
  ],
  "95892": [
    "ryan",
    "B018Y229OU"
  ],
  "85592": [
    "sportychris",
    "B018Y229OU"
  ],
  "23792": [
    "shahshab",
    "B018Y229OU"
  ],
  "51795": [
    "REA122",
    "B018Y229OU"
  ],
  "79798": [
    "Jordyn17",
    "B018Y229OU"
  ],
  "48898": [
    "Alana",
    "B018Y229OU"
  ],
  "38598": [
    "Niffer3",
    "B018Y229OU"
  ],
  "28298": [
    "LadiBri",
    "B018Y229OU"
  ],
  "87201": [
    "cggirl",
    "B018Y229OU"
  ],
  "56301": [
    "Akai",
    "B018Y229OU"
  ],
  "25401": [
    "Brody16",
    "B018Y229OU"
  ],
  "15101": [
    "Vader",
    "B018Y229OU"
  ],
  "4801": [
    "Tiny",
    "B018Y229OU"
  ],
  "84304": [
    "Charly805",
    "B018Y229OU"
  ],
  "74004": [
    "Crez",
    "B018Y229OU"
  ],
  "43104": [
    "lola",
    "B018Y229OU"
  ],
  "32804": [
    "Shufflecity",
    "B018Y229OU"
  ],
  "22504": [
    "Yorkie",
    "B018Y229OU"
  ],
  "60807": [
    "unusualpsycho",
    "B018Y229OU"
  ],
  "99110": [
    "LUCHO",
    "B018Y229OU"
  ],
  "88810": [
    "AB26",
    "B018Y229OU"
  ],
  "78510": [
    "CoachRob",
    "B018Y229OU"
  ],
  "57910": [
    "avidamishreader",
    "B018Y229OU"
  ],
  "37310": [
    "Whyme",
    "B018Y229OU"
  ],
  "27010": [
    "clipper",
    "B018Y229OU"
  ],
  "6410": [
    "Bruiser",
    "B018Y229OU"
  ],
  "96213": [
    "Luwiev",
    "B018Y229OU"
  ],,,]
  "65313": [
    "Cint62",
    "B018Y229OU"
  ]],],
  "24113": [
    "Reenoe",
    "B018Y229OU"
  ],,
  "13813": [
    "flyinmedic",
    "B018Y229OU"
  ],
  "3513": [
    "Colt",
    "B018Y229OU"
  ],
  "62416": [
    "Laquela",
    "B018Y229OU"
  ],
  "41816": [
    "Robbeano",
    "B018Y229OU"
  ],
  "616": [
    "Aj42",
    "B018Y229OU"
  ],
  "69819": [
    "Gogomom",
    "B018Y229OU"
  ],
  "28619": [
    "JerryP",
    "B018Y229OU"
  ],
  "97822": [
    "BestBuyer",
    "B018Y229OU"
  ],
  "77222": [
    "mjcatrett",
    "B018Y229OU"
  ],
  "66922": [
    "Applelover",
    "B018Y229OU"
  ],
  "56622": [
    "Thang",
    "B018Y229OU"
  ],
  "25722": [
    "aimz",
    "B018Y229OU"
  ],
  "5122": [
    "RED3",
    "B018Y229OU"
  ],
  "94925": [
    "Erik",
    "B018Y229OU"
  ],
  "74325": [
    "meka",
    "B018Y229OU"
  ],
  "43425": [
    "rich",
    "B018Y229OU"
  ],
  "33125": [
    "likecandy74",
    "B018Y229OU"
  ],
  "81728": [
    "Ewood",
    "B018Y229OU"
  ],
  "61128": [
    "KimB",
    "B018Y229OU"
  ],
  "50828": [
    "Ralph",
    "B018Y229OU"
  ],
  "40528": [
    "Lula",
    "B018Y229OU"
  ],
  "30228": [
    "PaulD",
    "B018Y229OU"
  ],
  "9628": [
    "SweetheartAsia",
    "B018Y229OU"
  ],
  "99431": [
    "Hifli",
    "B018Y229OU"
  ],
  "78831": [
    "Noon",
    "B018Y229OU"
  ],
  "68531": [
    "Mattsage17",
    "B018Y229OU"
  ],
  "58231": [
    "suzichocolate",
    "B018Y229OU"
  ],
  "47931": [
    "Santa",
    "B018Y229OU"
  ],
  "65634": [
    "busyworking247",
    "B018Y229OU"
  ],
  "3834": [
    "pittsrp00",
    "B018Y229OU"
  ],
  "21537": [
    "Blue",
    "B018Y229OU"
  ],
  "11237": [
    "JoMomma",
    "B018Y229OU"
  ],
  "18640": [
    "Leo1",
    "B018Y229OU"
  ],
  "8340": [
    "PABLO",
    "B018Y229OU"
  ],
  "98143": [
    "Timmy",
    "B018Y229OU"
  ],
  "67243": [
    "AM66",
    "B018Y229OU"
  ],
  "56943": [
    "Wicnok",
    "B018Y229OU"
  ],
  "5443": [
    "Hopey",
    "B018Y229OU"
  ],
  "12846": [
    "Lady",
    "B018Y229OU"
  ],
  "2546": [
    "DHBvilleIN",
    "B018Y229OU"
  ],
  "92349": [
    "Tullydog",
    "B018Y229OU"
  ],
  "89452": [
    "Ramber",
    "B018Y229OU"
  ],
  "86555": [
    "Angel77",
    "B018Y229OU"
  ],
  "76255": [
    "ucantcme69",
    "B018Y229OU"
  ],
  "14455": [
    "Che3rio",
    "B018Y229OU"
  ],
  "93958": [
    "Sonymalc",
    "B018Y229OU"
  ],
  "63058": [
    "Texas33",
    "B018Y229OU"
  ],
  "42458": [
    "mrspeterbug",
    "B018Y229OU"
  ],
  "11558": [
    "pilotdan",
    "B018Y229OU"
  ],
  "80761": [
    "Classy",
    "B018Y229OU"
  ],
  "70461": [
    "Deagle",
    "B018Y229OU"
  ],
  "60161": [
    "Birdman",
    "B018Y229OU"
  ],
  "49861": [
    "Supermom78",
    "B018Y229OU"
  ],
  "39561": [
    "yesenia",
    "B018Y229OU"
  ],
  "29261": [
    "Canapelingo",
    "B018Y229OU"
  ],
  "18961": [
    "TexasDee",
    "B018Y229OU"
  ],
  "8661": [
    "Jzgame",
    "B018Y229OU"
  ],
  "98464": [
    "Majinbooty",
    "B018Y229OU"
  ],
  "88164": [
    "Reddragon",
    "B018Y229OU"
  ],
  "46964": [
    "SMiller1965",
    "B018Y229OU"
  ],
  "64667": [
    "Danu",
    "B018Y229OU"
  ],
  "2867": [
    "Victor",
    "B018Y229OU"
  ],
  "92670": [
    "lopez2577",
    "B018Y229OU"
  ],
  "82370": [
    "Texmex",
    "B018Y229OU"
  ],
  "61770": [
    "Bruincdc",
    "B018Y229OU"
  ],
  "51470": [
    "Outofhere",
    "B018Y229OU"
  ],
  "20570": [
    "Girlygirl816",
    "B018Y229OU"
  ],
  "89773": [
    "Erica",
    "B018Y229OU"
  ],
  "38273": [
    "Sheldonsite",
    "B018Y229OU"
  ],
  "7373": [
    "Moien",
    "B018Y229OU"
  ],
  "97176": [
    "Krystianbyny",
    "B018Y229OU"
  ],
  "76576": [
    "Fyreston",
    "B018Y229OU"
  ],
  "55976": [
    "sugafreekoolaid",
    "B018Y229OU"
  ],
  "25076": [
    "Maximus81",
    "B018Y229OU"
  ],
  "94279": [
    "Buyer",
    "B018Y229OU"
  ],
  "83979": [
    "Jpac",
    "B018Y229OU"
  ],
  "73679": [
    "gr8mp",
    "B018Y229OU"
  ],
  "63379": [
    "Pavi",
    "B018Y229OU"
  ],
  "42779": [
    "webtdb12",
    "B018Y229OU"
  ],
  "32479": [
    "Bigmama",
    "B018Y229OU"
  ],
  "22179": [
    "tlong",
    "B018Y229OU"
  ],
  "1579": [
    "Mooo",
    "B018Y229OU"
  ],
  "91382": [
    "Nubian",
    "B018Y229OU"
  ],
  "19282": [
    "Shujuana",
    "B018Y229OU"
  ],
  "98785": [
    "RGB47",
    "B018Y229OU"
  ],
  "78185": [
    "scsd",
    "B018Y229OU"
  ],
  "47285": [
    "Dbasi",
    "B018Y229OU"
  ],
  "95888": [
    "drako1164",
    "B018Y229OU"
  ],
  "85588": [
    "Nelliesloan",
    "B018Y229OU"
  ],
  "64988": [
    "DRMC",
    "B018Y229OU"
  ],
  "44388": [
    "Peaches1975",
    "B018Y229OU"
  ],
  "72391": [
    "Pinkrose",
    "B018Y229OU"
  ],
  "51791": [
    "adomb",
    "B018Y229OU"
  ],
  "20891": [
    "AshuT",
    "B018Y229OU"
  ],
  "90094": [
    "Newtech",
    "B018Y229OU"
  ],
  "69494": [
    "Bkimberly",
    "B018Y229OU"
  ],
  "38594": [
    "VitoI",
    "B018Y229OU"
  ],
  "97497": [
    "Jdbuck4",
    "B018Y229OU"
  ],
  "35697": [
    "pete",
    "B018Y229OU"
  ],
  "25397": [
    "Sunny",
    "B018Y229OU"
  ],
  "84300": [
    "bene592",
    "B018Y229OU"
  ],
  "63700": [
    "Fredo",
    "B018Y229OU"
  ],
  "43100": [
    "Scorpion",
    "B018Y229OU"
  ],
  "71103": [
    "Collegestudent",
    "B018Y229OU"
  ],
  "29903": [
    "awn72",
    "B018Y229OU"
  ],
  "99106": [
    "Mommy",
    "B018Y229OU"
  ],
  "57906": [
    "Beth",
    "B018Y229OU"
  ],
  "47606": [
    "susanna",
    "B018Y229OU"
  ],
  "96209": [
    "Qtip70",
    "B018Y229OU"
  ],
  "75609": [
    "Wrangler",
    "B018Y229OU"
  ],
  "52112": [
    "Papadrake",
    "B018Y229OU"
  ],
  "21212": [
    "akha",
    "B018Y229OU"
  ],
  "28615": [
    "Munrra82",
    "B018Y229OU"
  ],
  "18315": [
    "Mom123",
    "B018Y229OU"
  ],
  "77218": [
    "joyjoy",
    "B018Y229OU"
  ],
  "66918": [
    "MelissaB",
    "B018Y229OU"
  ],
  "46318": [
    "Bigmoe25",
    "B018Y229OU"
  ],
  "36018": [
    "Naenae",
    "B018Y229OU"
  ],
  "94921": [
    "ncaa380",
    "B018Y229OU"
  ],
  "53721": [
    "Marla",
    "B018Y229OU"
  ],
  "81724": [
    "Dilbert",
    "B018Y229OU"
  ],
  "71424": [
    "Kdhar",
    "B018Y229OU"
  ],
  "9624": [
    "Randi",
    "B018Y229OU"
  ],
  "99427": [
    "simplychan",
    "B018Y229OU"
  ],
  "58227": [
    "Scullyswife",
    "B018Y229OU"
  ],
  "47927": [
    "KP6625",
    "B018Y229OU"
  ],
  "75930": [
    "Telecommando",
    "B018Y229OU"
  ],
  "65630": [
    "MackWayne",
    "B018Y229OU"
  ],
  "52433": [
    "Dinesh",
    "B018Y229OU"
  ],
  "70136": [
    "Soccer12",
    "B018Y229OU"
  ],
  "46639": [
    "Skinnytees4life",
    "B018Y229OU"
  ],
  "5439": [
    "Yanni",
    "B018Y229OU"
  ],
  "12842": [
    "GeneralDeath2U",
    "B018Y229OU"
  ],
  "2542": [
    "Psulionpride",
    "B018Y229OU"
  ],
  "92345": [
    "compassdave",
    "B018Y229OU"
  ],
  "40845": [
    "Hank",
    "B018Y229OU"
  ],
  "30545": [
    "Jhania",
    "B018Y229OU"
  ],
  "20245": [
    "Sikixs",
    "B018Y229OU"
  ],
  "27648": [
    "howiet",
    "B018Y229OU"
  ],
  "17348": [
    "starmroberts",
    "B018Y229OU"
  ],
  "86551": [
    "Llb825",
    "B018Y229OU"
  ],
  "76251": [
    "Korn",
    "B018Y229OU"
  ],
  "4151": [
    "pinky",
    "B018Y229OU"
  ],
  "63054": [
    "Woody",
    "B018Y229OU"
  ],
  "42454": [
    "LUCKYMEN",
    "B018Y229OU"
  ],
  "11554": [
    "Amg720",
    "B018Y229OU"
  ],
  "8657": [
    "Tomato",
    "B018Y229OU"
  ],
  "77860": [
    "Sateesh",
    "B018Y229OU"
  ],
  "46960": [
    "Anthony",
    "B018Y229OU"
  ],
  "54363": [
    "Capanthers1",
    "B018Y229OU"
  ],
  "23463": [
    "Princesha",
    "B018Y229OU"
  ],
  "2863": [
    "Rajbb",
    "B018Y229OU"
  ],
  "92666": [
    "Giftforgrandson",
    "B018Y229OU"
  ],
  "10266": [
    "Roby",
    "B018Y229OU"
  ],
  "100069": [
    "Niko",
    "B018Y229OU"
  ],
  "89769": [
    "BoneDaddy",
    "B018Y229OU"
  ],
  "7369": [
    "Rwilkinson",
    "B018Y229OU"
  ],
  "76572": [
    "Lilbrit",
    "B018Y229OU"
  ],
  "66272": [
    "Mari",
    "B018Y229OU"
  ],
  "45672": [
    "Anynomous",
    "B018Y229OU"
  ],
  "14772": [
    "Captain",
    "B018Y229OU"
  ],
  "94275": [
    "Nabil",
    "B018Y229OU"
  ],
  "73675": [
    "Sassy",
    "B018Y229OU"
  ],
  "22175": [
    "gabby",
    "B018Y229OU"
  ],
  "81078": [
    "SilverMulletExpress",
    "B018Y229OU"
  ],
  "70778": [
    "jumpstart",
    "B018Y229OU"
  ],
  "39878": [
    "DarrenD",
    "B018Y229OU"
  ],
  "29578": [
    "Aary",
    "B018Y229OU"
  ],
  "98781": [
    "Maelca",
    "B018Y229OU"
  ],
  "67881": [
    "Jstretch4567",
    "B018Y229OU"
  ],
  "57581": [
    "brian",
    "B018Y229OU"
  ],
  "47281": [
    "sophiaalg",
    "B018Y229OU"
  ],
  "36981": [
    "Fadi",
    "B018Y229OU"
  ],
  "64984": [
    "Kenny",
    "B018Y229OU"
  ],
  "34084": [
    "HolaBird",
    "B018Y229OU"
  ],
  "23784": [
    "Grandchildren",
    "B018Y229OU"
  ],
  "82687": [
    "Atled",
    "B018Y229OU"
  ],
  "20887": [
    "ashleann",
    "B018Y229OU"
  ],
  "287": [
    "bestman1",
    "B018Y229OU"
  ],
  "90090": [
    "Enzo",
    "B018Y229OU"
  ],
  "79790": [
    "Nanak",
    "B018Y229OU"
  ],
  "48890": [
    "zarm7",
    "B018Y229OU"
  ],
  "17990": [
    "tonychavez",
    "B018Y229OU"
  ],
  "7690": [
    "hogrider6",
    "B018Y229OU"
  ],
  "25393": [
    "gmccrimon",
    "B018Y229OU"
  ],
  "15093": [
    "DukeofEarl",
    "B018Y229OU"
  ],
  "94596": [
    "shop12",
    "B018Y229OU"
  ],
  "84296": [
    "fan46",
    "B018Y229OU"
  ],
  "43096": [
    "susn",
    "B018Y229OU"
  ],
  "12196": [
    "jwmurphy56",
    "B018Y229OU"
  ],
  "91699": [
    "Maryann",
    "B018Y229OU"
  ],
  "99102": [
    "theofficialstealth",
    "B018Y229OU"
  ],
  "68202": [
    "vanessa",
    "B018Y229OU"
  ],
  "57902": [
    "Drmike",
    "B018Y229OU"
  ],
  "27002": [
    "Summerbunny",
    "B018Y229OU"
  ],
  "16702": [
    "King",
    "B018Y229OU"
  ],
  "96205": [
    "poohbutt25",
    "B018Y229OU"
  ],
  "75605": [
    "Sweetpea54",
    "B018Y229OU"
  ],
  "65305": [
    "domiller0550",
    "B018Y229OU"
  ],
  "13805": [
    "Dragons",
    "B018Y229OU"
  ],
  "83008": [
    "Laceyrose24",
    "B018Y229OU"
  ],
  "72708": [
    "Trs90",
    "B018Y229OU"
  ],
  "41808": [
    "Xolo",
    "B018Y229OU"
  ],
  "31508": [
    "Harper747",
    "B018Y229OU"
  ],
  "59511": [
    "ereader",
    "B018Y229OU"
  ],
  "28611": [
    "paul",
    "B018Y229OU"
  ],
  "97814": [
    "Vanessa",
    "B018Y229OU"
  ],
  "66914": [
    "M3girls",
    "B018Y229OU"
  ],
  "43417": [
    "Gift",
    "B018Y229OU"
  ],
  "33117": [
    "JOE2015",
    "B018Y229OU"
  ],
  "92020": [
    "DoubleDekker",
    "B018Y229OU"
  ],
  "81720": [
    "bulldogfan",
    "B018Y229OU"
  ],
  "40520": [
    "Dragon",
    "B018Y229OU"
  ],
  "30220": [
    "Zeita",
    "B018Y229OU"
  ],
  "68523": [
    "hemant",
    "B018Y229OU"
  ],
  "58223": [
    "Irispipo",
    "B018Y229OU"
  ],
  "47923": [
    "nanduedi",
    "B018Y229OU"
  ],
  "17023": [
    "adttac",
    "B018Y229OU"
  ],
  "6723": [
    "robby44",
    "B018Y229OU"
  ],
  "55326": [
    "Kaylena",
    "B018Y229OU"
  ],
  "34726": [
    "Oliver",
    "B018Y229OU"
  ],
  "24426": [
    "Gaga",
    "B018Y229OU"
  ],
  "93629": [
    "BanjoLady",
    "B018Y229OU"
  ],
  "83329": [
    "sprite",
    "B018Y229OU"
  ],
  "52429": [
    "Tito",
    "B018Y229OU"
  ],
  "21529": [
    "FLMOM",
    "B018Y229OU"
  ],
  "70132": [
    "winner",
    "B018Y229OU"
  ],
  "18632": [
    "Darrel",
    "B018Y229OU"
  ],
  "87835": [
    "MinecraftSweeper",
    "B018Y229OU"
  ],
  "67235": [
    "Jacky",
    "B018Y229OU"
  ],
  "56935": [
    "Allycat",
    "B018Y229OU"
  ],
  "46635": [
    "ETAPRIME",
    "B018Y229OU"
  ],
  "26035": [
    "MeganP",
    "B018Y229OU"
  ],
  "95238": [
    "Pika",
    "B018Y229OU"
  ],
  "43738": [
    "Edrick",
    "B018Y229OU"
  ],
  "33438": [
    "Arman",
    "B018Y229OU"
  ],
  "23138": [
    "Adam",
    "B018Y229OU"
  ],
  "2538": [
    "birdsonabat",
    "B018Y229OU"
  ],
  "92341": [
    "Djpeefunk",
    "B018Y229OU"
  ],
  "82041": [
    "murad",
    "B018Y229OU"
  ],
  "40841": [
    "trinibabe",
    "B018Y229OU"
  ],
  "20241": [
    "ShannonG3160",
    "B018Y229OU"
  ],
  "9941": [
    "Christiana",
    "B018Y229OU"
  ],
  "99744": [
    "Fabi",
    "B018Y229OU"
  ],
  "89444": [
    "Bev2016",
    "B018Y229OU"
  ],
  "48244": [
    "PaulC",
    "B018Y229OU"
  ],
  "96847": [
    "Coach",
    "B018Y229OU"
  ],
  "76247": [
    "HARRY",
    "B018Y229OU"
  ],
  "65947": [
    "Vlad",
    "B018Y229OU"
  ],
  "55647": [
    "mindboy",
    "B018Y229OU"
  ],
  "24747": [
    "Nibs",
    "B018Y229OU"
  ],
  "14447": [
    "KING",
    "B018Y229OU"
  ],
  "4147": [
    "motakhim",
    "B018Y229OU"
  ],
  "83650": [
    "Jcon294",
    "B018Y229OU"
  ],
  "63050": [
    "heather",
    "B018Y229OU"
  ],
  "11550": [
    "JOHNNY",
    "B018Y229OU"
  ],
  "1250": [
    "Beli",
    "B018Y229OU"
  ],
  "91053": [
    "prettykitty1",
    "B018Y229OU"
  ],
  "80753": [
    "Hrd2stp",
    "B018Y229OU"
  ],
  "46956": [
    "William",
    "B018Y229OU"
  ],
  "5756": [
    "ronniek",
    "B018Y229OU"
  ],
  "23459": [
    "vish",
    "B018Y229OU"
  ],
  "13159": [
    "bendeho",
    "B018Y229OU"
  ],
  "82362": [
    "JoeV",
    "B018Y229OU"
  ],
  "89765": [
    "javii192",
    "B018Y229OU"
  ],
  "27965": [
    "FMOM",
    "B018Y229OU"
  ],
  "97168": [
    "DAYHAN",
    "B018Y229OU"
  ],
  "35368": [
    "bsterrn",
    "B018Y229OU"
  ],
  "14768": [
    "Chopper13",
    "B018Y229OU"
  ],
  "4468": [
    "newnatll",
    "B018Y229OU"
  ],
  "94271": [
    "Madiddy",
    "B018Y229OU"
  ],
  "83971": [
    "Rivers",
    "B018Y229OU"
  ],
  "73671": [
    "Neakk",
    "B018Y229OU"
  ],
  "63371": [
    "Goodbuy711",
    "B018Y229OU"
  ],
  "32471": [
    "cjk0302",
    "B018Y229OU"
  ],
  "22171": [
    "TechLou",
    "B018Y229OU"
  ],
  "50174": [
    "Dalot",
    "B018Y229OU"
  ],
  "39874": [
    "Nava",
    "B018Y229OU"
  ],
  "29574": [
    "swan",
    "B018Y229OU"
  ],
  "36977": [
    "jjljc",
    "B018Y229OU"
  ],
  "16377": [
    "Nkm225",
    "B018Y229OU"
  ],
  "85580": [
    "Tanner",
    "B018Y229OU"
  ],
  "75280": [
    "fretchick",
    "B018Y229OU"
  ],
  "44380": [
    "Tori",
    "B018Y229OU"
  ],
  "34080": [
    "Binkie",
    "B018Y229OU"
  ],
  "3180": [
    "Momofthree",
    "B018Y229OU"
  ],
  "82683": [
    "Jack",
    "B018Y229OU"
  ],
  "20883": [
    "GMan",
    "B018Y229OU"
  ],
  "10583": [
    "BoneKnightmare",
    "B018Y229OU"
  ],
  "35689": [
    "jujubee",
    "B018Y229OU"
  ],
  "15089": [
    "Bilbosh55",
    "B018Y229OU"
  ],
  "84292": [
    "Buttar",
    "B018Y229OU"
  ],
  "63692": [
    "Jamelle",
    "B018Y229OU"
  ],
  "12192": [
    "trainerj59",
    "B018Y229OU"
  ],
  "60795": [
    "Mine",
    "B018Y229OU"
  ],
  "19595": [
    "Kay27",
    "B018Y229OU"
  ],
  "9295": [
    "Yaely",
    "B018Y229OU"
  ],
  "78498": [
    "Nhopper",
    "B018Y229OU"
  ],
  "57898": [
    "Joan",
    "B018Y229OU"
  ],
  "47598": [
    "Ragv",
    "B018Y229OU"
  ],
  "37298": [
    "Ronq",
    "B018Y229OU"
  ],
  "26998": [
    "Bestgift",
    "B018Y229OU"
  ],
  "16698": [
    "steve",
    "B018Y229OU"
  ],
  "6398": [
    "Grizzman",
    "B018Y229OU"
  ],
  "85901": [
    "joseph",
    "B018Y229OU"
  ],
  "55001": [
    "HappyApple",
    "B018Y229OU"
  ],
  "13801": [
    "calypso",
    "B018Y229OU"
  ],
  "62404": [
    "grandma",
    "B018Y229OU"
  ],
  "41804": [
    "Budda",
    "B018Y229OU"
  ],
  "31504": [
    "sjay",
    "B018Y229OU"
  ],
  "69807": [
    "CallmeAl",
    "B018Y229OU"
  ],
  "49207": [
    "Carebear7",
    "B018Y229OU"
  ],
  "38907": [
    "Funk",
    "B018Y229OU"
  ],
  "97810": [
    "Spanky",
    "B018Y229OU"
  ],
  "77210": [
    "Madhan",
    "B018Y229OU"
  ],
  "66910": [
    "donda",
    "B018Y229OU"
  ],
  "46310": [
    "Suesue",
    "B018Y229OU"
  ],
  "94913": [
    "Cjsmith420",
    "B018Y229OU"
  ],
  "74313": [
    "Dennis",
    "B018Y229OU"
  ],
  "33113": [
    "Trevo4",
    "B018Y229OU"
  ],
  "2213": [
    "Spunkytammy2000",
    "B018Y229OU"
  ],
  "19916": [
    "Mtad",
    "B018Y229OU"
  ],
  "9616": [
    "Patsy",
    "B018Y229OU"
  ],
  "99419": [
    "Newtokindlefire",
    "B018Y229OU"
  ],
  "58219": [
    "leilawert",
    "B018Y229OU"
  ],
  "47919": [
    "Josie",
    "B018Y229OU"
  ],
  "27319": [
    "Kenneth5234",
    "B018Y229OU"
  ],
  "17019": [
    "Vampslayer",
    "B018Y229OU"
  ],
  "75922": [
    "verypleased7712",
    "B018Y229OU"
  ],
  "45022": [
    "Ashi",
    "B018Y229OU"
  ],
  "3822": [
    "Ducksyellow",
    "B018Y229OU"
  ],
  "93625": [
    "Jamiek3885",
    "B018Y229OU"
  ],
  "925": [
    "Kschroed278",
    "B018Y229OU"
  ],
  "80428": [
    "GaryB",
    "B018Y229OU"
  ],
  "70128": [
    "magic6980",
    "B018Y229OU"
  ],
  "28928": [
    "tmoney",
    "B018Y229OU"
  ],
  "8328": [
    "Tomclark",
    "B018Y229OU"
  ],
  "67231": [
    "gmm9173",
    "B018Y229OU"
  ],
  "15731": [
    "Key901",
    "B018Y229OU"
  ],
  "23134": [
    "Halkeyegold",
    "B018Y229OU"
  ],
  "12834": [
    "TheKingz",
    "B018Y229OU"
  ],
  "82037": [
    "Anniem",
    "B018Y229OU"
  ],
  "51137": [
    "ediggs",
    "B018Y229OU"
  ],
  "40837": [
    "dannyhwood51",
    "B018Y229OU"
  ],
  "30537": [
    "Tspot",
    "B018Y229OU"
  ],
  "79140": [
    "Delcio",
    "B018Y229OU"
  ],
  "58540": [
    "Sundown",
    "B018Y229OU"
  ],
  "48240": [
    "SantaM",
    "B018Y229OU"
  ],
  "37940": [
    "sfox768",
    "B018Y229OU"
  ],
  "7040": [
    "Viju",
    "B018Y229OU"
  ],
  "96843": [
    "walker",
    "B018Y229OU"
  ],
  "86543": [
    "tamye",
    "B018Y229OU"
  ],
  "65943": [
    "kyeckley",
    "B018Y229OU"
  ],
  "55643": [
    "Lilcharlie3",
    "B018Y229OU"
  ],
  "24743": [
    "GiftNicolette",
    "B018Y229OU"
  ],
  "83646": [
    "erika",
    "B018Y229OU"
  ],
  "63046": [
    "yuri",
    "B018Y229OU"
  ],
  "11546": [
    "Alva",
    "B018Y229OU"
  ],
  "1246": [
    "Tellie",
    "B018Y229OU"
  ],
  "49849": [
    "SeveNgdUP",
    "B018Y229OU"
  ],
  "29249": [
    "Zombieguy",
    "B018Y229OU"
  ],
  "88152": [
    "jamie",
    "B018Y229OU"
  ],
  "77852": [
    "lori",
    "B018Y229OU"
  ],
  "57252": [
    "Ohlynnie",
    "B018Y229OU"
  ],
  "46952": [
    "Cheles",
    "B018Y229OU"
  ],
  "36652": [
    "Eddieaggies",
    "B018Y229OU"
  ],
  "26352": [
    "CoolSam",
    "B018Y229OU"
  ],
  "16052": [
    "RobertM",
    "B018Y229OU"
  ],
  "64655": [
    "Kresha",
    "B018Y229OU"
  ],
  "54355": [
    "gen0",
    "B018Y229OU"
  ],
  "41158": [
    "sarndell",
    "B018Y229OU"
  ],
  "30858": [
    "MarkAdamColeVABeach757",
    "B018Y229OU"
  ],
  "10258": [
    "smilindna",
    "B018Y229OU"
  ],
  "89761": [
    "LaneBNC",
    "B018Y229OU"
  ],
  "69161": [
    "RonC",
    "B018Y229OU"
  ],
  "76564": [
    "Gnerd707",
    "B018Y229OU"
  ],
  "45664": [
    "Donna722",
    "B018Y229OU"
  ],
  "73667": [
    "Barr",
    "B018Y229OU"
  ],
  "53067": [
    "Safi",
    "B018Y229OU"
  ],
  "32467": [
    "Chevyboy",
    "B018Y229OU"
  ],
  "22167": [
    "Tilly",
    "B018Y229OU"
  ],
  "91370": [
    "Anissa1076",
    "B018Y229OU"
  ],
  "81070": [
    "none",
    "B018Y229OU"
  ],
  "50170": [
    "Raza",
    "B018Y229OU"
  ],
  "39870": [
    "Fireuser",
    "B018Y229OU"
  ],
  "29570": [
    "Lucky",
    "B018Y229OU"
  ],
  "98773": [
    "jswader",
    "B018Y229OU"
  ],
  "67873": [
    "Shauna1982",
    "B018Y229OU"
  ],
  "57573": [
    "Josephapple",
    "B018Y229OU"
  ],
  "16373": [
    "Edna",
    "B018Y229OU"
  ],
  "95876": [
    "7700",
    "B018Y229OU"
  ],
  "75276": [
    "DOCSGM",
    "B018Y229OU"
  ],
  "64976": [
    "Frost1983",
    "B018Y229OU"
  ],
  "51779": [
    "lisa",
    "B018Y229OU"
  ],
  "10579": [
    "Drew8",
    "B018Y229OU"
  ],
  "69482": [
    "nixxs",
    "B018Y229OU"
  ],
  "48882": [
    "Tammi2",
    "B018Y229OU"
  ],
  "38582": [
    "margie",
    "B018Y229OU"
  ],
  "28282": [
    "cmrobbins",
    "B018Y229OU"
  ],
  "66585": [
    "bebeace54",
    "B018Y229OU"
  ],
  "15085": [
    "Emsmith1215",
    "B018Y229OU"
  ],
  "4785": [
    "Techgeek",
    "B018Y229OU"
  ],
  "94588": [
    "AmyE",
    "B018Y229OU"
  ],
  "63688": [
    "Zachary",
    "B018Y229OU"
  ],
  "53388": [
    "towtruck",
    "B018Y229OU"
  ],
  "43088": [
    "erick17211",
    "B018Y229OU"
  ],
  "1888": [
    "Indio",
    "B018Y229OU"
  ],
  "91691": [
    "duckie",
    "B018Y229OU"
  ],
  "60791": [
    "Barb",
    "B018Y229OU"
  ],
  "9291": [
    "superdave213",
    "B018Y229OU"
  ],
  "57894": [
    "Attilamac",
    "B018Y229OU"
  ],
  "47594": [
    "Devin",
    "B018Y229OU"
  ],
  "37294": [
    "Grandma05",
    "B018Y229OU"
  ],
  "26994": [
    "laura",
    "B018Y229OU"
  ],
  "75597": [
    "Shaneo20",
    "B018Y229OU"
  ],
  "24097": [
    "TSmith",
    "B018Y229OU"
  ],
  "13797": [
    "Kaju",
    "B018Y229OU"
  ],
  "3497": [
    "Sher",
    "B018Y229OU"
  ],
  "21200": [
    "mas688",
    "B018Y229OU"
  ],
  "600": [
    "ElTejano",
    "B018Y229OU"
  ],
  "90403": [
    "shop2",
    "B018Y229OU"
  ],
  "69803": [
    "muscatine1989",
    "B018Y229OU"
  ],
  "59503": [
    "Wizcat7",
    "B018Y229OU"
  ],
  "38903": [
    "arezee",
    "B018Y229OU"
  ],
  "87506": [
    "Freckles",
    "B018Y229OU"
  ],
  "77206": [
    "JRog",
    "B018Y229OU"
  ],
  "56606": [
    "Tj190",
    "B018Y229OU"
  ],
  "46306": [
    "SGTED",
    "B018Y229OU"
  ],
  "43409": [
    "Mahesh",
    "B018Y229OU"
  ],
  "33109": [
    "Tedroses",
    "B018Y229OU"
  ],
  "22809": [
    "lovesmusic2016",
    "B018Y229OU"
  ],
  "30212": [
    "tiffs",
    "B018Y229OU"
  ],
  "19912": [
    "ShawnH",
    "B018Y229OU"
  ],
  "99415": [
    "Casamayas",
    "B018Y229OU"
  ],
  "78815": [
    "esta",
    "B018Y229OU"
  ],
  "68515": [
    "Sunrisej",
    "B018Y229OU"
  ],
  "47915": [
    "tech2",
    "B018Y229OU"
  ],
  "27315": [
    "geog",
    "B018Y229OU"
  ],
  "75918": [
    "MarMar0117",
    "B018Y229OU"
  ],
  "65618": [
    "jackpot",
    "B018Y229OU"
  ],
  "45018": [
    "Fun1",
    "B018Y229OU"
  ],
  "21521": [
    "Digitalog",
    "B018Y229OU"
  ],
  "11221": [
    "AngelR",
    "B018Y229OU"
  ],
  "90724": [
    "jim3",
    "B018Y229OU"
  ],
  "80424": [
    "GamerDude",
    "B018Y229OU"
  ],
  "59824": [
    "Rock62",
    "B018Y229OU"
  ],
  "28924": [
    "HARVEY86",
    "B018Y229OU"
  ],
  "18624": [
    "jpd3",
    "B018Y229OU"
  ],
  "77527": [
    "Dustbuster",
    "B018Y229OU"
  ],
  "15727": [
    "Rellick",
    "B018Y229OU"
  ],
  "74630": [
    "Trum",
    "B018Y229OU"
  ],
  "64330": [
    "KevinDoyleJnr",
    "B018Y229OU"
  ],
  "33430": [
    "donnamoma",
    "B018Y229OU"
  ],
  "92333": [
    "JJones",
    "B018Y229OU"
  ],
  "20233": [
    "kj48",
    "B018Y229OU"
  ],
  "9933": [
    "WiscoKid",
    "B018Y229OU"
  ],
  "99736": [
    "LoraineA",
    "B018Y229OU"
  ],
  "89436": [
    "safety78",
    "B018Y229OU"
  ],
  "79136": [
    "Bobo",
    "B018Y229OU"
  ],
  "37936": [
    "alirulzz",
    "B018Y229OU"
  ],
  "27636": [
    "Thanory",
    "B018Y229OU"
  ],
  "65939": [
    "rater",
    "B018Y229OU"
  ],
  "14439": [
    "Tracee",
    "B018Y229OU"
  ],
  "32142": [
    "RFL03",
    "B018Y229OU"
  ],
  "1242": [
    "Tabby",
    "B018Y229OU"
  ],
  "70445": [
    "AMP813",
    "B018Y229OU"
  ],
  "60145": [
    "Nita",
    "B018Y229OU"
  ],
  "29245": [
    "MsUrbina1",
    "B018Y229OU"
  ],
  "98448": [
    "yazminwd",
    "B018Y229OU"
  ]
}