{
  "8119": [
    "JennW",
    "B01AHB9CN2"
  ],
  "87622": [
    "Jnev",
    "B01AHB9CN2"
  ],
  "56722": [
    "MyishaS",
    "B01AHB9CN2"
  ],
  "46422": [
    "RACERX",
    "B01AHB9CN2"
  ],
  "15522": [
    "Dani",
    "B01AHB9CN2"
  ],
  "95025": [
    "Janet256",
    "B01AHB9CN2"
  ],
  "84725": [
    "soldiermom",
    "B01AHB9CN2"
  ],
  "64125": [
    "akula",
    "B01AHB9CN2"
  ],
  "43525": [
    "Shortstuff79",
    "B01AHB9CN2"
  ],
  "22925": [
    "JRch",
    "B01AHB9CN2"
  ],
  "2325": [
    "frbd1",
    "B01AHB9CN2"
  ],
  "61228": [
    "Wendy",
    "B01AHB9CN2"
  ],
  "40628": [
    "Doodie",
    "B01AHB9CN2"
  ],
  "30328": [
    "Mariahspop",
    "B01AHB9CN2"
  ],
  "20028": [
    "Nick",
    "B01AHB9CN2"
  ],
  "58331": [
    "Southpaw",
    "B01AHB9CN2"
  ],
  "37731": [
    "beks",
    "B01AHB9CN2"
  ],
  "27431": [
    "doniosi",
    "B01AHB9CN2"
  ],
  "17131": [
    "regal76",
    "B01AHB9CN2"
  ],
  "6831": [
    "Ozzym",
    "B01AHB9CN2"
  ],
  "96634": [
    "Kimmie",
    "B01AHB9CN2"
  ],
  "76034": [
    "Fiero",
    "B01AHB9CN2"
  ],
  "45134": [
    "gwad",
    "B01AHB9CN2"
  ],
  "34834": [
    "Diappointed",
    "B01AHB9CN2"
  ],
  "14234": [
    "mrdodgercazul",
    "B01AHB9CN2"
  ],
  "3934": [
    "angieo",
    "B01AHB9CN2"
  ],
  "73137": [
    "Sawman",
    "B01AHB9CN2"
  ],
  "42237": [
    "Bencon",
    "B01AHB9CN2"
  ],
  "31937": [
    "Georgia",
    "B01AHB9CN2"
  ],
  "21637": [
    "cjsoto2",
    "B01AHB9CN2"
  ],
  "90840": [
    "JoeSa",
    "B01AHB9CN2"
  ],
  "70240": [
    "Virkmars",
    "B01AHB9CN2"
  ],
  "49640": [
    "Tumminator",
    "B01AHB9CN2"
  ],
  "39340": [
    "greg1651",
    "B01AHB9CN2"
  ],
  "98243": [
    "Ragarci",
    "B01AHB9CN2"
  ],
  "77643": [
    "Nikbill7055",
    "B01AHB9CN2"
  ],
  "57043": [
    "Stacymcj",
    "B01AHB9CN2"
  ],
  "46743": [
    "Kevan",
    "B01AHB9CN2"
  ],
  "36443": [
    "MRMULL",
    "B01AHB9CN2"
  ],
  "5543": [
    "Tom55",
    "B01AHB9CN2"
  ],
  "95346": [
    "Laurie",
    "B01AHB9CN2"
  ],
  "85046": [
    "rmills7",
    "B01AHB9CN2"
  ],
  "82149": [
    "mlblankson",
    "B01AHB9CN2"
  ],
  "51249": [
    "Johnboywalt",
    "B01AHB9CN2"
  ],
  "40949": [
    "84Dre",
    "B01AHB9CN2"
  ],
  "10049": [
    "Johnny",
    "B01AHB9CN2"
  ],
  "48352": [
    "Brent",
    "B01AHB9CN2"
  ],
  "38052": [
    "Newwers",
    "B01AHB9CN2"
  ],
  "96955": [
    "Ozzy",
    "B01AHB9CN2"
  ],
  "66055": [
    "Michele",
    "B01AHB9CN2"
  ],
  "55755": [
    "kmar",
    "B01AHB9CN2"
  ],
  "24855": [
    "VdickensFit",
    "B01AHB9CN2"
  ],
  "4255": [
    "Hifijoe",
    "B01AHB9CN2"
  ],
  "83758": [
    "ronnie",
    "B01AHB9CN2"
  ],
  "73458": [
    "Brynwithau",
    "B01AHB9CN2"
  ],
  "63158": [
    "MethWun",
    "B01AHB9CN2"
  ],
  "70561": [
    "Justus",
    "B01AHB9CN2"
  ],
  "8761": [
    "fred",
    "B01AHB9CN2"
  ],
  "67664": [
    "Drej1785",
    "B01AHB9CN2"
  ],
  "47064": [
    "MrsGaskins",
    "B01AHB9CN2"
  ],
  "75067": [
    "Kilo",
    "B01AHB9CN2"
  ],
  "64767": [
    "46chevy",
    "B01AHB9CN2"
  ],
  "54467": [
    "Cruz",
    "B01AHB9CN2"
  ],
  "72170": [
    "Carolskendel",
    "B01AHB9CN2"
  ],
  "20670": [
    "argirl",
    "B01AHB9CN2"
  ],
  "69273": [
    "Bird",
    "B01AHB9CN2"
  ],
  "28073": [
    "gelid",
    "B01AHB9CN2"
  ],
  "86976": [
    "TC5000",
    "B01AHB9CN2"
  ],
  "76676": [
    "Ewok",
    "B01AHB9CN2"
  ],
  "45776": [
    "willy2818",
    "B01AHB9CN2"
  ],
  "4576": [
    "Klingejm",
    "B01AHB9CN2"
  ],
  "94379": [
    "Loudog11",
    "B01AHB9CN2"
  ],
  "11979": [
    "Will",
    "B01AHB9CN2"
  ],
  "81182": [
    "Dorklisa",
    "B01AHB9CN2"
  ],
  "98885": [
    "Adelle",
    "B01AHB9CN2"
  ],
  "57685": [
    "Jccf",
    "B01AHB9CN2"
  ],
  "26785": [
    "Danielle1021",
    "B01AHB9CN2"
  ],
  "6185": [
    "Miical",
    "B01AHB9CN2"
  ],
  "85688": [
    "joseph",
    "B01AHB9CN2"
  ],
  "75388": [
    "wallymich",
    "B01AHB9CN2"
  ],
  "65088": [
    "Roma",
    "B01AHB9CN2"
  ],
  "54788": [
    "Miynah",
    "B01AHB9CN2"
  ],
  "23888": [
    "Nana5",
    "B01AHB9CN2"
  ],
  "93091": [
    "JSioux",
    "B01AHB9CN2"
  ],
  "82791": [
    "Aperez",
    "B01AHB9CN2"
  ],
  "41591": [
    "FavoriteKid",
    "B01AHB9CN2"
  ],
  "10691": [
    "LJBuy",
    "B01AHB9CN2"
  ],
  "59294": [
    "Shak",
    "B01AHB9CN2"
  ],
  "48994": [
    "Hej125",
    "B01AHB9CN2"
  ],
  "28394": [
    "Scooby2",
    "B01AHB9CN2"
  ],
  "18094": [
    "forhubby",
    "B01AHB9CN2"
  ],
  "87297": [
    "esponize",
    "B01AHB9CN2"
  ],
  "76997": [
    "Alo73",
    "B01AHB9CN2"
  ],
  "66697": [
    "desert93xj",
    "B01AHB9CN2"
  ],
  "35797": [
    "Angelcake",
    "B01AHB9CN2"
  ],
  "15197": [
    "KenJ",
    "B01AHB9CN2"
  ],
  "94700": [
    "houl",
    "B01AHB9CN2"
  ],
  "74100": [
    "Maine",
    "B01AHB9CN2"
  ],
  "63800": [
    "chyoung",
    "B01AHB9CN2"
  ],
  "12300": [
    "Bobby",
    "B01AHB9CN2"
  ],
  "2000": [
    "tonymichael",
    "B01AHB9CN2"
  ],
  "91803": [
    "Katherine",
    "B01AHB9CN2"
  ],
  "71203": [
    "Teka",
    "B01AHB9CN2"
  ],
  "40303": [
    "HELE",
    "B01AHB9CN2"
  ],
  "30003": [
    "Navaja",
    "B01AHB9CN2"
  ],
  "19703": [
    "keystone",
    "B01AHB9CN2"
  ],
  "99206": [
    "WesOB",
    "B01AHB9CN2"
  ],
  "78606": [
    "Diggs",
    "B01AHB9CN2"
  ],
  "58006": [
    "revyroman",
    "B01AHB9CN2"
  ],
  "47706": [
    "Ric11",
    "B01AHB9CN2"
  ],
  "96309": [
    "Cleo",
    "B01AHB9CN2"
  ],
  "86009": [
    "Benjamin",
    "B01AHB9CN2"
  ],
  "75709": [
    "Cuevas",
    "B01AHB9CN2"
  ],
  "83112": [
    "Home",
    "B01AHB9CN2"
  ],
  "62512": [
    "VanStriker",
    "B01AHB9CN2"
  ],
  "52212": [
    "needabreak",
    "B01AHB9CN2"
  ],
  "41912": [
    "Romanv011",
    "B01AHB9CN2"
  ],
  "712": [
    "Praline",
    "B01AHB9CN2"
  ],
  "39015": [
    "Northsider",
    "B01AHB9CN2"
  ],
  "18415": [
    "Tiffj",
    "B01AHB9CN2"
  ],
  "8115": [
    "SPPEDRACERJC",
    "B01AHB9CN2"
  ],
  "87618": [
    "jedele",
    "B01AHB9CN2"
  ],
  "56718": [
    "ghaley",
    "B01AHB9CN2"
  ],
  "25818": [
    "Shall",
    "B01AHB9CN2"
  ],
  "5218": [
    "Crazecj",
    "B01AHB9CN2"
  ],
  "84721": [
    "Kathy",
    "B01AHB9CN2"
  ],
  "12621": [
    "hage123",
    "B01AHB9CN2"
  ],
  "81824": [
    "MonkeyFeathers",
    "B01AHB9CN2"
  ],
  "71524": [
    "Watcher",
    "B01AHB9CN2"
  ],
  "20024": [
    "Jacobt",
    "B01AHB9CN2"
  ],
  "17127": [
    "HASHMAN",
    "B01AHB9CN2"
  ],
  "96630": [
    "PurpleUni",
    "B01AHB9CN2"
  ],
  "45130": [
    "Lccoop",
    "B01AHB9CN2"
  ],
  "34830": [
    "Racfra",
    "B01AHB9CN2"
  ],
  "24530": [
    "Brandy",
    "B01AHB9CN2"
  ],
  "3930": [
    "Shar",
    "B01AHB9CN2"
  ],
  "83433": [
    "Gordo",
    "B01AHB9CN2"
  ],
  "73133": [
    "jeffery",
    "B01AHB9CN2"
  ],
  "62833": [
    "Chesisan",
    "B01AHB9CN2"
  ],
  "52533": [
    "BajanPrincess",
    "B01AHB9CN2"
  ],
  "31933": [
    "Puchii",
    "B01AHB9CN2"
  ],
  "11333": [
    "Jamie",
    "B01AHB9CN2"
  ],
  "80536": [
    "viejo1973",
    "B01AHB9CN2"
  ],
  "59936": [
    "AAM1",
    "B01AHB9CN2"
  ],
  "87939": [
    "Glewis",
    "B01AHB9CN2"
  ],
  "67339": [
    "Ninjarob",
    "B01AHB9CN2"
  ],
  "57039": [
    "Arun",
    "B01AHB9CN2"
  ],
  "46739": [
    "Billie",
    "B01AHB9CN2"
  ],
  "15839": [
    "zRoyals",
    "B01AHB9CN2"
  ],
  "85042": [
    "Jgp1",
    "B01AHB9CN2"
  ],
  "64442": [
    "Loulou",
    "B01AHB9CN2"
  ],
  "43842": [
    "Nicepad",
    "B01AHB9CN2"
  ],
  "33542": [
    "Bigapple",
    "B01AHB9CN2"
  ],
  "2642": [
    "Anonymous",
    "B01AHB9CN2"
  ],
  "71845": [
    "odalmasi",
    "B01AHB9CN2"
  ],
  "61545": [
    "Abickers",
    "B01AHB9CN2"
  ],
  "58648": [
    "Xiitiz",
    "B01AHB9CN2"
  ],
  "48348": [
    "paccar",
    "B01AHB9CN2"
  ],
  "38048": [
    "Likrockdiesel",
    "B01AHB9CN2"
  ],
  "7148": [
    "Cdragonsky",
    "B01AHB9CN2"
  ],
  "96951": [
    "118001",
    "B01AHB9CN2"
  ],
  "86651": [
    "Scooby",
    "B01AHB9CN2"
  ],
  "55751": [
    "tealady953",
    "B01AHB9CN2"
  ],
  "14551": [
    "Nanaof5",
    "B01AHB9CN2"
  ],
  "4251": [
    "Ursamajor",
    "B01AHB9CN2"
  ],
  "83754": [
    "Booksmith",
    "B01AHB9CN2"
  ],
  "42554": [
    "Charp",
    "B01AHB9CN2"
  ],
  "32254": [
    "Shankha",
    "B01AHB9CN2"
  ],
  "11654": [
    "Djbrock",
    "B01AHB9CN2"
  ],
  "70557": [
    "Tc8334",
    "B01AHB9CN2"
  ],
  "8757": [
    "BigJoe76",
    "B01AHB9CN2"
  ],
  "77960": [
    "TexasLady",
    "B01AHB9CN2"
  ],
  "47060": [
    "1234",
    "B01AHB9CN2"
  ],
  "82466": [
    "TheFirst109",
    "B01AHB9CN2"
  ],
  "51566": [
    "ab23",
    "B01AHB9CN2"
  ],
  "20666": [
    "Andrewwarren",
    "B01AHB9CN2"
  ],
  "58969": [
    "Brad",
    "B01AHB9CN2"
  ],
  "38369": [
    "Linda",
    "B01AHB9CN2"
  ],
  "28069": [
    "AmyR",
    "B01AHB9CN2"
  ],
  "7469": [
    "kavonk",
    "B01AHB9CN2"
  ],
  "97272": [
    "missrach",
    "B01AHB9CN2"
  ],
  "76672": [
    "lillac",
    "B01AHB9CN2"
  ],
  "66372": [
    "Tashie",
    "B01AHB9CN2"
  ],
  "35472": [
    "Taylormade",
    "B01AHB9CN2"
  ],
  "14872": [
    "eurob",
    "B01AHB9CN2"
  ],
  "4572": [
    "Miami13",
    "B01AHB9CN2"
  ],
  "94375": [
    "Mavis",
    "B01AHB9CN2"
  ],
  "84075": [
    "Jake",
    "B01AHB9CN2"
  ],
  "63475": [
    "texas",
    "B01AHB9CN2"
  ],
  "91478": [
    "Robmo69",
    "B01AHB9CN2"
  ],
  "9078": [
    "Macombmom",
    "B01AHB9CN2"
  ],
  "37081": [
    "hammermom",
    "B01AHB9CN2"
  ],
  "16481": [
    "brith297",
    "B01AHB9CN2"
  ],
  "95984": [
    "Darwin",
    "B01AHB9CN2"
  ],
  "75384": [
    "Marie",
    "B01AHB9CN2"
  ],
  "54784": [
    "Stacy",
    "B01AHB9CN2"
  ],
  "23884": [
    "Spencer",
    "B01AHB9CN2"
  ],
  "3284": [
    "BoxerMom",
    "B01AHB9CN2"
  ],
  "31287": [
    "Brandon",
    "B01AHB9CN2"
  ],
  "387": [
    "Yani",
    "B01AHB9CN2"
  ],
  "18090": [
    "sjv1969",
    "B01AHB9CN2"
  ],
  "87293": [
    "Jaime",
    "B01AHB9CN2"
  ],
  "46093": [
    "Dragonsfire59",
    "B01AHB9CN2"
  ],
  "25493": [
    "TucsonJay",
    "B01AHB9CN2"
  ],
  "4893": [
    "mwillblue70",
    "B01AHB9CN2"
  ],
  "63796": [
    "Buster",
    "B01AHB9CN2"
  ],
  "53496": [
    "prancer1",
    "B01AHB9CN2"
  ],
  "32896": [
    "markymark29",
    "B01AHB9CN2"
  ],
  "60899": [
    "WDExternaldrive",
    "B01AHB9CN2"
  ],
  "29999": [
    "whitelabelady",
    "B01AHB9CN2"
  ],
  "58002": [
    "Bradley",
    "B01AHB9CN2"
  ],
  "37402": [
    "JustJen",
    "B01AHB9CN2"
  ],
  "96305": [
    "Willie",
    "B01AHB9CN2"
  ],
  "55105": [
    "Fawn",
    "B01AHB9CN2"
  ],
  "3605": [
    "Pasadena4life",
    "B01AHB9CN2"
  ],
  "41908": [
    "sleepy1",
    "B01AHB9CN2"
  ],
  "11008": [
    "Samsungjunkie",
    "B01AHB9CN2"
  ],
  "90511": [
    "DDew",
    "B01AHB9CN2"
  ],
  "80211": [
    "tbt2",
    "B01AHB9CN2"
  ],
  "28711": [
    "MamaP",
    "B01AHB9CN2"
  ],
  "46414": [
    "Dallas",
    "B01AHB9CN2"
  ],
  "74417": [
    "shane",
    "B01AHB9CN2"
  ],
  "33217": [
    "JDee",
    "B01AHB9CN2"
  ],
  "61220": [
    "CadentOsterich93",
    "B01AHB9CN2"
  ],
  "50920": [
    "Rakesh",
    "B01AHB9CN2"
  ],
  "9720": [
    "Dize9ball",
    "B01AHB9CN2"
  ],
  "37723": [
    "Jady",
    "B01AHB9CN2"
  ],
  "6823": [
    "cjcj",
    "B01AHB9CN2"
  ],
  "96626": [
    "Sevyn",
    "B01AHB9CN2"
  ],
  "86326": [
    "boots",
    "B01AHB9CN2"
  ],
  "65726": [
    "RoseB",
    "B01AHB9CN2"
  ],
  "55426": [
    "fireman21",
    "B01AHB9CN2"
  ],
  "73129": [
    "Charles",
    "B01AHB9CN2"
  ],
  "62829": [
    "Rocketman123",
    "B01AHB9CN2"
  ],
  "52529": [
    "JonE",
    "B01AHB9CN2"
  ],
  "21629": [
    "CK007",
    "B01AHB9CN2"
  ],
  "70232": [
    "carchargerfor1999nissenal",
    "B01AHB9CN2"
  ],
  "29032": [
    "Ham4ham",
    "B01AHB9CN2"
  ],
  "8432": [
    "In2it",
    "B01AHB9CN2"
  ],
  "15835": [
    "HotTNMomma",
    "B01AHB9CN2"
  ],
  "5535": [
    "KansasBorn",
    "B01AHB9CN2"
  ],
  "85038": [
    "Tynya74",
    "B01AHB9CN2"
  ],
  "74738": [
    "jjf1516",
    "B01AHB9CN2"
  ],
  "12938": [
    "Retired730",
    "B01AHB9CN2"
  ],
  "20341": [
    "bluicagun",
    "B01AHB9CN2"
  ],
  "89544": [
    "Keee",
    "B01AHB9CN2"
  ],
  "79244": [
    "minnow",
    "B01AHB9CN2"
  ],
  "17444": [
    "Marty75",
    "B01AHB9CN2"
  ],
  "7144": [
    "Cecilio",
    "B01AHB9CN2"
  ],
  "96947": [
    "zedog83",
    "B01AHB9CN2"
  ],
  "45447": [
    "Begard",
    "B01AHB9CN2"
  ],
  "94050": [
    "Kath",
    "B01AHB9CN2"
  ],
  "83750": [
    "Shannon",
    "B01AHB9CN2"
  ],
  "63150": [
    "Me2016",
    "B01AHB9CN2"
  ],
  "52850": [
    "Bemis",
    "B01AHB9CN2"
  ],
  "91153": [
    "Nicole",
    "B01AHB9CN2"
  ],
  "19053": [
    "Moorthy",
    "B01AHB9CN2"
  ],
  "36756": [
    "Sprout",
    "B01AHB9CN2"
  ],
  "95659": [
    "Walt",
    "B01AHB9CN2"
  ],
  "64759": [
    "TheSenator",
    "B01AHB9CN2"
  ],
  "2959": [
    "Shirl",
    "B01AHB9CN2"
  ],
  "41262": [
    "JEAN",
    "B01AHB9CN2"
  ],
  "20662": [
    "Sherry",
    "B01AHB9CN2"
  ],
  "10362": [
    "levelmaker1",
    "B01AHB9CN2"
  ],
  "69265": [
    "Pdelrio",
    "B01AHB9CN2"
  ],
  "58965": [
    "speede",
    "B01AHB9CN2"
  ],
  "48665": [
    "nanabetty0",
    "B01AHB9CN2"
  ],
  "38365": [
    "Cowboy",
    "B01AHB9CN2"
  ],
  "28065": [
    "Natiley",
    "B01AHB9CN2"
  ],
  "7465": [
    "ponsch",
    "B01AHB9CN2"
  ],
  "97268": [
    "shudeck",
    "B01AHB9CN2"
  ],
  "76668": [
    "aw337",
    "B01AHB9CN2"
  ],
  "56068": [
    "Caroljoy",
    "B01AHB9CN2"
  ],
  "35468": [
    "Usafret",
    "B01AHB9CN2"
  ],
  "25168": [
    "1944",
    "B01AHB9CN2"
  ],
  "4568": [
    "orrville",
    "B01AHB9CN2"
  ],
  "73771": [
    "Jose",
    "B01AHB9CN2"
  ],
  "53171": [
    "Boricua",
    "B01AHB9CN2"
  ],
  "42871": [
    "Jacobplays11",
    "B01AHB9CN2"
  ],
  "29674": [
    "Dukeduke",
    "B01AHB9CN2"
  ],
  "19374": [
    "Jesus",
    "B01AHB9CN2"
  ],
  "98877": [
    "mack",
    "B01AHB9CN2"
  ],
  "47377": [
    "Palp",
    "B01AHB9CN2"
  ],
  "26777": [
    "Bull",
    "B01AHB9CN2"
  ],
  "85680": [
    "Oscar",
    "B01AHB9CN2"
  ],
  "54780": [
    "Coco",
    "B01AHB9CN2"
  ],
  "34180": [
    "Curley",
    "B01AHB9CN2"
  ],
  "23880": [
    "amjk",
    "B01AHB9CN2"
  ],
  "13580": [
    "jwluke2085",
    "B01AHB9CN2"
  ],
  "3280": [
    "Greatdeal",
    "B01AHB9CN2"
  ],
  "93083": [
    "Missy",
    "B01AHB9CN2"
  ],
  "72483": [
    "Tjsteward",
    "B01AHB9CN2"
  ],
  "62183": [
    "Carzell",
    "B01AHB9CN2"
  ],
  "41583": [
    "Mallipp7",
    "B01AHB9CN2"
  ],
  "31283": [
    "ReviewerExtraordinaire",
    "B01AHB9CN2"
  ],
  "10683": [
    "JandM",
    "B01AHB9CN2"
  ],
  "90186": [
    "Katie1117",
    "B01AHB9CN2"
  ],
  "79886": [
    "okiwilldoareviewofthisite",
    "B01AHB9CN2"
  ],
  "59286": [
    "Jasso",
    "B01AHB9CN2"
  ],
  "28386": [
    "bestbuyet",
    "B01AHB9CN2"
  ],
  "97589": [
    "PaapiPanther",
    "B01AHB9CN2"
  ],
  "87289": [
    "Tazmin",
    "B01AHB9CN2"
  ],
  "66689": [
    "Dsparks149",
    "B01AHB9CN2"
  ],
  "56389": [
    "DeAnna",
    "B01AHB9CN2"
  ],
  "25489": [
    "Radx",
    "B01AHB9CN2"
  ],
  "15189": [
    "William",
    "B01AHB9CN2"
  ],
  "74092": [
    "Keebeler",
    "B01AHB9CN2"
  ],
  "53492": [
    "mom5",
    "B01AHB9CN2"
  ],
  "43192": [
    "TerBer",
    "B01AHB9CN2"
  ],
  "32892": [
    "smithm16",
    "B01AHB9CN2"
  ],
  "50595": [
    "bls5555",
    "B01AHB9CN2"
  ],
  "40295": [
    "tvman",
    "B01AHB9CN2"
  ],
  "29995": [
    "Ohenrytheking",
    "B01AHB9CN2"
  ],
  "78598": [
    "Allison",
    "B01AHB9CN2"
  ],
  "55101": [
    "Nitpicker",
    "B01AHB9CN2"
  ],
  "13901": [
    "BPeep",
    "B01AHB9CN2"
  ],
  "3601": [
    "rayray",
    "B01AHB9CN2"
  ],
  "93404": [
    "Craig",
    "B01AHB9CN2"
  ],
  "72804": [
    "yimer",
    "B01AHB9CN2"
  ],
  "31604": [
    "trooper",
    "B01AHB9CN2"
  ],
  "21304": [
    "PCTech",
    "B01AHB9CN2"
  ],
  "59607": [
    "Joe12345",
    "B01AHB9CN2"
  ],
  "18407": [
    "guarddog13",
    "B01AHB9CN2"
  ],
  "97910": [
    "Prabhu",
    "B01AHB9CN2"
  ],
  "87610": [
    "Molly",
    "B01AHB9CN2"
  ],
  "77310": [
    "Butterfly",
    "B01AHB9CN2"
  ],
  "46410": [
    "Nora",
    "B01AHB9CN2"
  ],
  "36110": [
    "iowaman44",
    "B01AHB9CN2"
  ],
  "95013": [
    "Diamond",
    "B01AHB9CN2"
  ],
  "84713": [
    "mmolly1",
    "B01AHB9CN2"
  ],
  "71516": [
    "STL5",
    "B01AHB9CN2"
  ],
  "40616": [
    "Turbo",
    "B01AHB9CN2"
  ],
  "30316": [
    "sheri",
    "B01AHB9CN2"
  ],
  "9716": [
    "Josh",
    "B01AHB9CN2"
  ],
  "99519": [
    "DawnRL",
    "B01AHB9CN2"
  ],
  "89219": [
    "tflowjrga",
    "B01AHB9CN2"
  ],
  "68619": [
    "Brian610",
    "B01AHB9CN2"
  ],
  "48019": [
    "yuty",
    "B01AHB9CN2"
  ],
  "37719": [
    "TechcoDaddy",
    "B01AHB9CN2"
  ],
  "27419": [
    "Deb1958",
    "B01AHB9CN2"
  ],
  "76022": [
    "Wazzie65",
    "B01AHB9CN2"
  ],
  "65722": [
    "jamesg",
    "B01AHB9CN2"
  ],
  "45122": [
    "AnnV",
    "B01AHB9CN2"
  ],
  "3922": [
    "Bertha",
    "B01AHB9CN2"
  ],
  "42225": [
    "hank",
    "B01AHB9CN2"
  ],
  "31925": [
    "Starr",
    "B01AHB9CN2"
  ],
  "59928": [
    "Doug",
    "B01AHB9CN2"
  ],
  "49628": [
    "angelja771",
    "B01AHB9CN2"
  ],
  "39328": [
    "Trish",
    "B01AHB9CN2"
  ],
  "8428": [
    "CLKC",
    "B01AHB9CN2"
  ],
  "87931": [
    "jefphx",
    "B01AHB9CN2"
  ],
  "57031": [
    "Juneplum67",
    "B01AHB9CN2"
  ],
  "36431": [
    "Crystal",
    "B01AHB9CN2"
  ],
  "15831": [
    "MSum",
    "B01AHB9CN2"
  ],
  "2634": [
    "Firetablet",
    "B01AHB9CN2"
  ],
  "40937": [
    "TomMollet1",
    "B01AHB9CN2"
  ],
  "68940": [
    "Kutz",
    "B01AHB9CN2"
  ],
  "27740": [
    "mmmmm",
    "B01AHB9CN2"
  ],
  "17440": [
    "Blackmagicwmn",
    "B01AHB9CN2"
  ],
  "45443": [
    "Jadestablet",
    "B01AHB9CN2"
  ],
  "94046": [
    "cggirl",
    "B01AHB9CN2"
  ],
  "73446": [
    "bambi183",
    "B01AHB9CN2"
  ],
  "39649": [
    "Poppy",
    "B01AHB9CN2"
  ],
  "29349": [
    "Joey",
    "B01AHB9CN2"
  ],
  "8749": [
    "kjquick",
    "B01AHB9CN2"
  ],
  "57352": [
    "Mykey",
    "B01AHB9CN2"
  ],
  "47052": [
    "BIGE",
    "B01AHB9CN2"
  ],
  "36752": [
    "bob123",
    "B01AHB9CN2"
  ],
  "5852": [
    "jfreddy77",
    "B01AHB9CN2"
  ],
  "85355": [
    "LogicError",
    "B01AHB9CN2"
  ],
  "64755": [
    "SONYFAN",
    "B01AHB9CN2"
  ],
  "54455": [
    "Skore",
    "B01AHB9CN2"
  ],
  "44155": [
    "Bubbles",
    "B01AHB9CN2"
  ],
  "72158": [
    "Ericka",
    "B01AHB9CN2"
  ],
  "61858": [
    "Never2old4this",
    "B01AHB9CN2"
  ],
  "41258": [
    "touchdowntn",
    "B01AHB9CN2"
  ],
  "20658": [
    "Chrisd65",
    "B01AHB9CN2"
  ],
  "79561": [
    "2roudyboys",
    "B01AHB9CN2"
  ],
  "7461": [
    "Tallypurchased",
    "B01AHB9CN2"
  ],
  "66364": [
    "Michell",
    "B01AHB9CN2"
  ],
  "45764": [
    "Brigitte",
    "B01AHB9CN2"
  ],
  "35464": [
    "Timmyj335",
    "B01AHB9CN2"
  ],
  "25164": [
    "Blckprince",
    "B01AHB9CN2"
  ],
  "94367": [
    "Aaron",
    "B01AHB9CN2"
  ],
  "84067": [
    "JoyB",
    "B01AHB9CN2"
  ],
  "73767": [
    "trish",
    "B01AHB9CN2"
  ],
  "53167": [
    "bravewagh",
    "B01AHB9CN2"
  ],
  "32567": [
    "Yankee",
    "B01AHB9CN2"
  ],
  "22267": [
    "LaJoi",
    "B01AHB9CN2"
  ],
  "19370": [
    "TaylorGal",
    "B01AHB9CN2"
  ],
  "67973": [
    "Leci",
    "B01AHB9CN2"
  ],
  "6173": [
    "Vivodechile",
    "B01AHB9CN2"
  ],
  "85676": [
    "Jcupit",
    "B01AHB9CN2"
  ],
  "65076": [
    "Boobear",
    "B01AHB9CN2"
  ],
  "34176": [
    "MakenaBeach42",
    "B01AHB9CN2"
  ],
  "13576": [
    "Jessy",
    "B01AHB9CN2"
  ],
  "3276": [
    "Nely",
    "B01AHB9CN2"
  ],
  "82779": [
    "Matt",
    "B01AHB9CN2"
  ],
  "72479": [
    "InezP",
    "B01AHB9CN2"
  ],
  "62179": [
    "Schullar",
    "B01AHB9CN2"
  ],
  "90182": [
    "Desire604",
    "B01AHB9CN2"
  ],
  "79882": [
    "COCO",
    "B01AHB9CN2"
  ],
  "38682": [
    "Tridock",
    "B01AHB9CN2"
  ],
  "76985": [
    "CaptainBadBradiL",
    "B01AHB9CN2"
  ],
  "66685": [
    "Stew",
    "B01AHB9CN2"
  ],
  "56385": [
    "Joem",
    "B01AHB9CN2"
  ],
  "46085": [
    "Anasinflorence",
    "B01AHB9CN2"
  ],
  "35785": [
    "MikeO",
    "B01AHB9CN2"
  ],
  "94688": [
    "Asif",
    "B01AHB9CN2"
  ],
  "74088": [
    "DNice",
    "B01AHB9CN2"
  ],
  "91791": [
    "Ronh",
    "B01AHB9CN2"
  ],
  "29991": [
    "wildflower",
    "B01AHB9CN2"
  ],
  "9391": [
    "bunny422",
    "B01AHB9CN2"
  ],
  "99194": [
    "SKE1957",
    "B01AHB9CN2"
  ],
  "88894": [
    "Nickname",
    "B01AHB9CN2"
  ],
  "27094": [
    "reviewer",
    "B01AHB9CN2"
  ],
  "75697": [
    "Disappointed",
    "B01AHB9CN2"
  ],
  "65397": [
    "Misslabyrinth48",
    "B01AHB9CN2"
  ],
  "34497": [
    "PuppyBrother",
    "B01AHB9CN2"
  ],
  "13897": [
    "Reggie",
    "B01AHB9CN2"
  ],
  "3597": [
    "Khrysoar",
    "B01AHB9CN2"
  ],
  "93400": [
    "Jmw52",
    "B01AHB9CN2"
  ],
  "52200": [
    "TimW",
    "B01AHB9CN2"
  ],
  "11000": [
    "keith",
    "B01AHB9CN2"
  ],
  "90503": [
    "Shopper4Self",
    "B01AHB9CN2"
  ],
  "59603": [
    "Momspresent",
    "B01AHB9CN2"
  ],
  "39003": [
    "Mine",
    "B01AHB9CN2"
  ],
  "28703": [
    "Alex",
    "B01AHB9CN2"
  ],
  "97906": [
    "Hoot57",
    "B01AHB9CN2"
  ],
  "87606": [
    "Mschwartzcenter",
    "B01AHB9CN2"
  ],
  "36106": [
    "Garyt",
    "B01AHB9CN2"
  ],
  "15506": [
    "Jdunks",
    "B01AHB9CN2"
  ],
  "84709": [
    "rhondag",
    "B01AHB9CN2"
  ],
  "74409": [
    "Dotman",
    "B01AHB9CN2"
  ],
  "33209": [
    "MerryD",
    "B01AHB9CN2"
  ],
  "2309": [
    "Plt1",
    "B01AHB9CN2"
  ],
  "71512": [
    "Gump1",
    "B01AHB9CN2"
  ],
  "40612": [
    "Grammyjan",
    "B01AHB9CN2"
  ],
  "30312": [
    "DannyZ",
    "B01AHB9CN2"
  ],
  "9712": [
    "pete",
    "B01AHB9CN2"
  ],
  "78915": [
    "Grandmato5",
    "B01AHB9CN2"
  ],
  "68615": [
    "naadwowa",
    "B01AHB9CN2"
  ],
  "48015": [
    "Wmagle",
    "B01AHB9CN2"
  ],
  "37715": [
    "King",
    "B01AHB9CN2"
  ],
  "27415": [
    "Clairmont",
    "B01AHB9CN2"
  ],
  "86318": [
    "Lak3",
    "B01AHB9CN2"
  ],
  "76018": [
    "Perfect",
    "B01AHB9CN2"
  ],
  "14218": [
    "Scott77",
    "B01AHB9CN2"
  ],
  "3918": [
    "halekoa330",
    "B01AHB9CN2"
  ],
  "31921": [
    "Anastasia",
    "B01AHB9CN2"
  ],
  "21621": [
    "Narffran",
    "B01AHB9CN2"
  ],
  "11321": [
    "Rblwood",
    "B01AHB9CN2"
  ],
  "80524": [
    "CherylS",
    "B01AHB9CN2"
  ],
  "29024": [
    "Trojanquest",
    "B01AHB9CN2"
  ],
  "18724": [
    "Rangerich",
    "B01AHB9CN2"
  ],
  "8424": [
    "Isidro",
    "B01AHB9CN2"
  ],
  "77627": [
    "Twinsmom",
    "B01AHB9CN2"
  ],
  "26127": [
    "Musicbox",
    "B01AHB9CN2"
  ],
  "15827": [
    "Maltese",
    "B01AHB9CN2"
  ],
  "95330": [
    "pajs",
    "B01AHB9CN2"
  ],
  "74730": [
    "Victor",
    "B01AHB9CN2"
  ],
  "33530": [
    "bjenk",
    "B01AHB9CN2"
  ],
  "82133": [
    "PurpleRoz",
    "B01AHB9CN2"
  ],
  "71833": [
    "Otterboxbuyer",
    "B01AHB9CN2"
  ],
  "61533": [
    "pookey48",
    "B01AHB9CN2"
  ],
  "51233": [
    "OldDude",
    "B01AHB9CN2"
  ],
  "40933": [
    "Lemm",
    "B01AHB9CN2"
  ],
  "7136": [
    "Apollo",
    "B01AHB9CN2"
  ],
  "96939": [
    "countryphotography71",
    "B01AHB9CN2"
  ],
  "86639": [
    "12345",
    "B01AHB9CN2"
  ],
  "66039": [
    "EZDUZIT",
    "B01AHB9CN2"
  ],
  "55739": [
    "smarttv",
    "B01AHB9CN2"
  ],
  "45439": [
    "DesktoptoLaptop",
    "B01AHB9CN2"
  ],
  "35139": [
    "SrFran",
    "B01AHB9CN2"
  ],
  "4239": [
    "Panda85",
    "B01AHB9CN2"
  ],
  "63142": [
    "Purchaser1",
    "B00VINDBJK"
  ],
  "52842": [
    "kcladyz",
    "B00VINDBJK"
  ],
  "11642": [
    "HVAChelp",
    "B00VINDBJK"
  ],
  "60245": [
    "Mike7",
    "B00VINDBJK"
  ],
  "88248": [
    "TracyBCOBruin",
    "B00VINDBJK"
  ],
  "57348": [
    "GARY",
    "B00VINDBJK"
  ],
  "85351": [
    "NIKE",
    "B00VINDBJK"
  ],
  "54451": [
    "merafa",
    "B00VINDBJK"
  ],
  "33851": [
    "tankbuster39",
    "B00VINDBJK"
  ],
  "92754": [
    "Anu6",
    "B00VINDBJK"
  ],
  "51554": [
    "Awng",
    "B00VINDBJK"
  ],
  "48657": [
    "John",
    "B00VINDBJK"
  ],
  "76660": [
    "gram",
    "B00VINDBJK"
  ],
  "56060": [
    "Teach10",
    "B00VINDBJK"
  ],
  "94363": [
    "RobDrob",
    "B00VINDBJK"
  ],
  "6169": [
    "SuperReader",
    "B01AHB9CYG"
  ],
  "75372": [
    "Alimae628",
    "B01AHB9CYG"
  ],
  "65072": [
    "Jake",
    "B01AHB9CYG"
  ],
  "3272": [
    "IJSJ",
    "B01AHB9CYG"
  ],
  "82775": [
    "Rocks2017",
    "B01AHB9CYG"
  ],
  "62175": [
    "Michael",
    "B01AHB9CYG"
  ],
  "69578": [
    "Rodge",
    "B01AHB9CYG"
  ],
  "38678": [
    "Angie",
    "B01AHB9CYG"
  ],
  "56381": [
    "misterclean64",
    "B01AHB9CYG"
  ],
  "46081": [
    "Kindle",
    "B01AHB9CYG"
  ],
  "15181": [
    "masonboy",
    "B01AHB9CYG"
  ],
  "63784": [
    "Spike",
    "B01AHB9CYG"
  ],
  "53484": [
    "Em17",
    "B01AHB9CYG"
  ],
  "22584": [
    "Wvdeb56",
    "B01AHB9CYG"
  ],
  "1984": [
    "peaches43",
    "B01AHB9CYG"
  ],
  "60887": [
    "jstac",
    "B01AHB9CYG"
  ],
  "50587": [
    "Jaquil84",
    "B01AHB9CYG"
  ],
  "40287": [
    "smurf15801",
    "B01AHB9CYG"
  ],
  "27090": [
    "Ellen",
    "B01AHB9CYG"
  ],
  "16790": [
    "Squirrel",
    "B01AHB9CYG"
  ],
  "55093": [
    "Bgold",
    "B01AHB9CYG"
  ],
  "72796": [
    "Kevinandkalii",
    "B01AHB9CYG"
  ],
  "62496": [
    "jlpd",
    "B01AHB9CYG"
  ],
  "10996": [
    "JoeW",
    "B01AHB9CYG"
  ],
  "80199": [
    "Dee51",
    "B01AHB9CYG"
  ],
  "69899": [
    "dieselxdan",
    "B01AHB9CYG"
  ],
  "38999": [
    "Collins",
    "B01AHB9CYG"
  ],
  "18399": [
    "Tablet",
    "B01AHB9CYG"
  ],
  "87602": [
    "moose49",
    "B01AHB9CYG"
  ],
  "46402": [
    "TimC",
    "B01AHB9CYG"
  ],
  "95005": [
    "NICK",
    "B01AHB9CYG"
  ],
  "12605": [
    "highmaintenance",
    "B01AHB9CYG"
  ],
  "71508": [
    "Chiron",
    "B01AHB9CYG"
  ],
  "50908": [
    "Dqueen",
    "B01AHB9CYG"
  ],
  "40608": [
    "sunny",
    "B01AHB9CYG"
  ],
  "68611": [
    "Michelles3",
    "B01AHB9CYG"
  ],
  "76014": [
    "Matty",
    "B01AHB9CYG"
  ],
  "45114": [
    "pogy",
    "B01AHB9CYG"
  ],
  "62817": [
    "Madden6777",
    "B01AHB9CYG"
  ],
  "52517": [
    "BigMC",
    "B01AHB9CYG"
  ],
  "1017": [
    "Diego",
    "B01AHB9C1E"
  ],
  "80520": [
    "HawaiiJoe",
    "B01AHB9C1E"
  ],
  "59920": [
    "Kathy",
    "B01AHB9C1E"
  ],
  "49620": [
    "Sami",
    "B01AHB9C1E"
  ],
  "29020": [
    "plasmajunkie",
    "B01AHB9C1E"
  ],
  "8420": [
    "Ginger",
    "B01AHB9C1E"
  ],
  "10346": [
    "richard",
    "B00ZV9PXP2"
  ],
  "79549": [
    "Richard",
    "B00ZV9PXP2"
  ],
  "69249": [
    "Scheu",
    "B00ZV9PXP2"
  ],
  "48649": [
    "LMoTX",
    "B00ZV9PXP2"
  ],
  "28049": [
    "Steve",
    "B00ZV9PXP2"
  ],
  "17749": [
    "llyyue",
    "B00ZV9PXP2"
  ],
  "86952": [
    "Bubba",
    "B00ZV9PXP2"
  ],
  "66352": [
    "steve",
    "B00ZV9PXP2"
  ],
  "84055": [
    "Chris",
    "B00ZV9PXP2"
  ],
  "73755": [
    "cruiser007",
    "B00ZV9PXP2"
  ],
  "63455": [
    "DragonHawk1960",
    "B00ZV9PXP2"
  ],
  "81158": [
    "edmr",
    "B00ZV9PXP2"
  ],
  "60558": [
    "Karch",
    "B00ZV9PXP2"
  ],
  "39958": [
    "JuneFlo",
    "B00ZV9PXP2"
  ],
  "9058": [
    "Daniel",
    "B00ZV9PXP2"
  ],
  "88561": [
    "nonny",
    "B00ZV9PXP2"
  ],
  "78261": [
    "chi20",
    "B00ZV9PXP2"
  ],
  "47361": [
    "davidjacobs21",
    "B00ZV9PXP2"
  ],
  "26761": [
    "Tarun",
    "B00ZV9PXP2"
  ],
  "6161": [
    "drd1",
    "B00ZV9PXP2"
  ],
  "75364": [
    "kimsanity",
    "B00ZV9PXP2"
  ],
  "44464": [
    "hlmjbm",
    "B00ZV9PXP2"
  ],
  "13564": [
    "Robe12",
    "B00ZV9PXP2"
  ],
  "3264": [
    "geoshox",
    "B00ZV9PXP2"
  ],
  "31267": [
    "elpj56",
    "B00ZV9PXP2"
  ],
  "367": [
    "Albert",
    "B00ZV9PXP2"
  ],
  "59270": [
    "quickshot",
    "B00ZV9PXP2"
  ],
  "28370": [
    "cookie1982",
    "B00ZV9PXP2"
  ],
  "18070": [
    "mother",
    "B00ZV9PXP2"
  ],
  "35773": [
    "Ravi",
    "B00ZV9PXP2"
  ],
  "25473": [
    "Missy",
    "B00ZV9PXP2"
  ],
  "22576": [
    "Bill",
    "B00ZV9PXP2"
  ],
  "12276": [
    "Gadgets",
    "B00ZV9PXP2"
  ],
  "91779": [
    "Pritha",
    "B00ZV9PXP2"
  ],
  "81479": [
    "noname",
    "B00ZV9PXP2"
  ],
  "50579": [
    "Bearsfan",
    "B00ZV9PXP2"
  ],
  "78582": [
    "Maypop",
    "B00ZV9PXP2"
  ],
  "37382": [
    "Reader",
    "B00ZV9PXP2"
  ],
  "16782": [
    "Junior",
    "B00ZV9PXP2"
  ],
  "6482": [
    "Erii",
    "B00ZV9PXP2"
  ],
  "24185": [
    "MDeezyH2",
    "B00ZV9PXP2"
  ],
  "93388": [
    "wyosun",
    "B00ZV9PXP2"
  ],
  "77294": [
    "James",
    "B00ZV9PXP2"
  ],
  "56694": [
    "merry",
    "B00ZV9PXP2"
  ],
  "25794": [
    "raddish",
    "B00ZV9PXP2"
  ],
  "15494": [
    "Yesh",
    "B00ZV9PXP2"
  ],
  "12597": [
    "Karenk",
    "B00ZV9PXP2"
  ],
  "92100": [
    "Jackie",
    "B00ZV9PXP2"
  ],
  "27403": [
    "ddrraz",
    "B00ZV9PXP2"
  ],
  "6803": [
    "Karthik",
    "B00ZV9PXP2"
  ],
  "96606": [
    "Yo40",
    "B00ZV9PXP2"
  ],
  "55406": [
    "raulsk",
    "B00ZV9PXP2"
  ],
  "24506": [
    "Lttommy",
    "B00ZV9PXP2"
  ],
  "14206": [
    "AB79",
    "B00ZV9PXP2"
  ],
  "73109": [
    "Bigdave",
    "B00ZV9PXP2"
  ],
  "42209": [
    "Boby",
    "B00ZV9PXP2"
  ],
  "11309": [
    "Abie",
    "B00ZV9PXP2"
  ],
  "1009": [
    "GANESH",
    "B00ZV9PXP2"
  ],
  "67315": [
    "blondia",
    "B018Y229OU"
  ],
  "46715": [
    "Cookie",
    "B018Y229OU"
  ],
  "36415": [
    "JaiB",
    "B018Y229OU"
  ],
  "95318": [
    "Loveapple",
    "B018Y229OU"
  ],
  "64418": [
    "JazzyG",
    "B018Y229OU"
  ],
  "54118": [
    "Mimmers",
    "B018Y229OU"
  ],
  "43818": [
    "Shaun",
    "B018Y229OU"
  ],
  "82121": [
    "MarkG",
    "B018Y229OU"
  ],
  "71821": [
    "cheatham106",
    "B018Y229OU"
  ],
  "20321": [
    "reggie",
    "B018Y229OU"
  ],
  "10021": [
    "Badasi12b",
    "B018Y229OU"
  ],
  "99824": [
    "nerd",
    "B018Y229OU"
  ],
  "89524": [
    "Marie",
    "B018Y229OU"
  ],
  "79224": [
    "wayne",
    "B018Y229OU"
  ],
  "68924": [
    "Grandma",
    "B018Y229OU"
  ],
  "17424": [
    "murf",
    "B018Y229OU"
  ],
  "7124": [
    "Tink2wine",
    "B018Y229OU"
  ],
  "76327": [
    "bostongirl",
    "B018Y229OU"
  ],
  "66027": [
    "jaygot",
    "B018Y229OU"
  ],
  "35127": [
    "Grams",
    "B018Y229OU"
  ],
  "24827": [
    "FORTHEFUNOFIT",
    "B018Y229OU"
  ],
  "83730": [
    "Christina",
    "B018Y229OU"
  ],
  "32230": [
    "Nattyguy",
    "B018Y229OU"
  ],
  "91133": [
    "JoyBelle",
    "B018Y229OU"
  ],
  "70533": [
    "nuray",
    "B018Y229OU"
  ],
  "39633": [
    "kamcnair",
    "B018Y229OU"
  ],
  "19033": [
    "Jason",
    "B018Y229OU"
  ],
  "88236": [
    "rdd173",
    "B018Y229OU"
  ],
  "67636": [
    "GadgetGuy",
    "B018Y229OU"
  ],
  "36736": [
    "Ashley",
    "B018Y229OU"
  ],
  "26436": [
    "Loverboy",
    "B018Y229OU"
  ],
  "75039": [
    "srodrigs",
    "B018Y229OU"
  ],
  "33839": [
    "Laurencedean",
    "B018Y229OU"
  ],
  "23539": [
    "alsh",
    "B018Y229OU"
  ],
  "2939": [
    "Angel",
    "B018Y229OU"
  ],
  "72142": [
    "AimT",
    "B018Y229OU"
  ],
  "41242": [
    "INDYJON",
    "B018Y229OU"
  ],
  "10342": [
    "cayd",
    "B018Y229OU"
  ],
  "69245": [
    "redsdman",
    "B018Y229OU"
  ],
  "58945": [
    "caskimo",
    "B018Y229OU"
  ],
  "38345": [
    "littleone",
    "B018Y229OU"
  ],
  "28045": [
    "Justsomeone",
    "B018Y229OU"
  ],
  "17745": [
    "Titankiller",
    "B018Y229OU"
  ],
  "86948": [
    "Millionaire",
    "B018Y229OU"
  ],
  "76648": [
    "Chis",
    "B018Y229OU"
  ],
  "56048": [
    "Freetime",
    "B018Y229OU"
  ],
  "14848": [
    "SaiSrivatsav",
    "B018Y229OU"
  ],
  "94351": [
    "yogi",
    "B018Y229OU"
  ],
  "84051": [
    "iwishiwasxena89",
    "B018Y229OU"
  ],
  "63451": [
    "Popkorn",
    "B018Y229OU"
  ],
  "42851": [
    "April",
    "B018Y229OU"
  ],
  "11951": [
    "Amanda041286",
    "B018Y229OU"
  ],
  "81154": [
    "JoeM",
    "B018Y229OU"
  ],
  "29654": [
    "McAllenNerd",
    "B018Y229OU"
  ],
  "19354": [
    "Justin",
    "B018Y229OU"
  ],
  "98857": [
    "Rookdodger",
    "B018Y229OU"
  ],
  "88557": [
    "MzKeeA",
    "B018Y229OU"
  ],
  "78257": [
    "cherrelle46",
    "B018Y229OU"
  ],
  "57657": [
    "Pokey",
    "B018Y229OU"
  ],
  "47357": [
    "Mike",
    "B018Y229OU"
  ],
  "37057": [
    "Peanut",
    "B018Y229OU"
  ],
  "16457": [
    "Kent",
    "B018Y229OU"
  ],
  "6157": [
    "Redhead",
    "B018Y229OU"
  ],
  "95960": [
    "Catlady",
    "B018Y229OU"
  ],
  "85660": [
    "Italianguy",
    "B018Y229OU"
  ],
  "65060": [
    "Bauersocks",
    "B018Y229OU"
  ],
  "54760": [
    "mrman",
    "B018Y229OU"
  ],
  "13560": [
    "Saulcastaneda86",
    "B018Y229OU"
  ],
  "93063": [
    "Monica",
    "B018Y229OU"
  ],
  "51863": [
    "Dgp2017",
    "B018Y229OU"
  ],
  "31263": [
    "jerry",
    "B018Y229OU"
  ],
  "20963": [
    "farmgirl4",
    "B018Y229OU"
  ],
  "90166": [
    "DCHAN",
    "B018Y229OU"
  ],
  "69566": [
    "joecoolflyingace",
    "B018Y229OU"
  ],
  "59266": [
    "Noone",
    "B018Y229OU"
  ],
  "48966": [
    "Chriskantmann1983",
    "B018Y229OU"
  ],
  "38666": [
    "jzep",
    "B018Y229OU"
  ],
  "66669": [
    "Rlswag37",
    "B018Y229OU"
  ],
  "35769": [
    "John",
    "B018Y229OU"
  ],
  "43172": [
    "Poise",
    "B018Y229OU"
  ],
  "32872": [
    "harley",
    "B018Y229OU"
  ],
  "81475": [
    "Maurice",
    "B018Y229OU"
  ],
  "71175": [
    "Diana",
    "B018Y229OU"
  ],
  "60875": [
    "braz2012",
    "B018Y229OU"
  ],
  "50575": [
    "Harold43",
    "B018Y229OU"
  ],
  "40275": [
    "seadog",
    "B018Y229OU"
  ],
  "29975": [
    "Stallion",
    "B018Y229OU"
  ],
  "19675": [
    "Thicklin",
    "B018Y229OU"
  ],
  "9375": [
    "Cans",
    "B018Y229OU"
  ],
  "99178": [
    "Ericm78",
    "B018Y229OU"
  ],
  "68278": [
    "char",
    "B018Y229OU"
  ],
  "37378": [
    "kiGZterSHMK",
    "B018Y229OU"
  ],
  "27078": [
    "Jzillaaah",
    "B018Y229OU"
  ],
  "6478": [
    "Penguinswin2009",
    "B018Y229OU"
  ],
  "34481": [
    "Mary",
    "B018Y229OU"
  ],
  "62484": [
    "Nate",
    "B018Y229OU"
  ],
  "21284": [
    "willdddd",
    "B018Y229OU"
  ],
  "10984": [
    "jlscott",
    "B018Y229OU"
  ],
  "684": [
    "Krueger",
    "B018Y229OU"
  ],
  "38987": [
    "Casey",
    "B018Y229OU"
  ],
  "18387": [
    "Diane",
    "B018Y229OU"
  ],
  "8087": [
    "ivan1785",
    "B018Y229OU"
  ],
  "77290": [
    "KindleLova",
    "B018Y229OU"
  ],
  "56690": [
    "Laura",
    "B018Y229OU"
  ],
  "36090": [
    "GingerSnaps",
    "B018Y229OU"
  ],
  "15490": [
    "vsharice",
    "B018Y229OU"
  ],
  "74393": [
    "jvracecars2",
    "B018Y229OU"
  ],
  "64093": [
    "flowgirl",
    "B018Y229OU"
  ],
  "43493": [
    "HipToBeKyle",
    "B018Y229OU"
  ],
  "22893": [
    "johnnycat",
    "B018Y229OU"
  ],
  "92096": [
    "Becky",
    "B018Y229OU"
  ],
  "58299": [
    "Teach",
    "B018Y229OU"
  ],
  "27399": [
    "Sharon",
    "B018Y229OU"
  ],
  "6799": [
    "Fire",
    "B018Y229OU"
  ],
  "86302": [
    "Nober",
    "B018Y229OU"
  ],
  "65702": [
    "Tyty",
    "B018Y229OU"
  ],
  "34802": [
    "Nothing",
    "B018Y229OU"
  ],
  "83405": [
    "Edski",
    "B018Y229OU"
  ],
  "73105": [
    "Lala",
    "B018Y229OU"
  ],
  "52505": [
    "PNL5",
    "B018Y229OU"
  ],
  "21605": [
    "Randa",
    "B018Y229OU"
  ],
  "80508": [
    "Ashu",
    "B018Y229OU"
  ],
  "49608": [
    "Kid7735",
    "B018Y229OU"
  ],
  "77611": [
    "Gman",
    "B018Y229OU"
  ],
  "15811": [
    "Kindlefire",
    "B018Y229OU"
  ],
  "5511": [
    "Foreverknown",
    "B018Y229OU"
  ],
  "95314": [
    "Frank",
    "B018Y229OU"
  ],
  "74714": [
    "Jess",
    "B018Y229OU"
  ],
  "54114": [
    "Mkrichins",
    "B018Y229OU"
  ],
  "23214": [
    "Alicia",
    "B018Y229OU"
  ],
  "71817": [
    "jamijani",
    "B018Y229OU"
  ],
  "61517": [
    "Amandalee2317",
    "B018Y229OU"
  ],
  "30617": [
    "mark",
    "B018Y229OU"
  ],
  "99820": [
    "Jaheim",
    "B018Y229OU"
  ],
  "68920": [
    "Awoodrow",
    "B018Y229OU"
  ],
  "27720": [
    "JToon",
    "B018Y229OU"
  ],
  "96923": [
    "danno",
    "B018Y229OU"
  ],
  "76323": [
    "Bzzt",
    "B018Y229OU"
  ],
  "24823": [
    "Foofy",
    "B018Y229OU"
  ],
  "14523": [
    "medatc",
    "B018Y229OU"
  ],
  "4223": [
    "debiydo",
    "B018Y229OU"
  ],
  "94026": [
    "Torri",
    "B018Y229OU"
  ],
  "83726": [
    "Luckyme",
    "B018Y229OU"
  ],
  "63126": [
    "marelissa",
    "B018Y229OU"
  ],
  "52826": [
    "yglesias99",
    "B018Y229OU"
  ],
  "32226": [
    "TONY",
    "B018Y229OU"
  ],
  "21926": [
    "Adrock13",
    "B018Y229OU"
  ],
  "1326": [
    "Sgrts3",
    "B018Y229OU"
  ],
  "70529": [
    "Maverick",
    "B018Y229OU"
  ],
  "60229": [
    "Soundguy",
    "B018Y229OU"
  ],
  "19029": [
    "Nieceyclay",
    "B018Y229OU"
  ],
  "98532": [
    "barb",
    "B018Y229OU"
  ],
  "77932": [
    "Babygirl71",
    "B018Y229OU"
  ],
  "67632": [
    "Julz2755",
    "B018Y229OU"
  ],
  "57332": [
    "Pierce",
    "B018Y229OU"
  ],
  "47032": [
    "PoshLyfe",
    "B018Y229OU"
  ],
  "5832": [
    "cbone03",
    "B018Y229OU"
  ],
  "95635": [
    "kjigger71",
    "B018Y229OU"
  ],
  "44135": [
    "Riggins2017",
    "B018Y229OU"
  ],
  "23535": [
    "Susan",
    "B018Y229OU"
  ],
  "13235": [
    "Joe1986",
    "B018Y229OU"
  ],
  "92738": [
    "Myreviews",
    "B018Y229OU"
  ],
  "82438": [
    "Scott",
    "B018Y229OU"
  ],
  "72138": [
    "OldSquid",
    "B018Y229OU"
  ],
  "61838": [
    "devin",
    "B018Y229OU"
  ],
  "51538": [
    "lennylenovo",
    "B018Y229OU"
  ],
  "30938": [
    "meanstreak",
    "B018Y229OU"
  ],
  "89841": [
    "Dixie",
    "B018Y229OU"
  ],
  "79541": [
    "Melvin",
    "B018Y229OU"
  ],
  "17741": [
    "Charly64",
    "B018Y229OU"
  ],
  "76644": [
    "skidmark",
    "B018Y229OU"
  ],
  "66344": [
    "JoTex",
    "B018Y229OU"
  ],
  "53147": [
    "kumar",
    "B018Y229OU"
  ],
  "22247": [
    "jskeawife",
    "B018Y229OU"
  ],
  "1647": [
    "jwfisch",
    "B018Y229OU"
  ],
  "91450": [
    "QuesoPie",
    "B018Y229OU"
  ],
  "81150": [
    "Ryan",
    "B018Y229OU"
  ],
  "70850": [
    "Juju",
    "B018Y229OU"
  ],
  "9050": [
    "Michelle",
    "B018Y229OU"
  ],
  "88553": [
    "BobK",
    "B018Y229OU"
  ],
  "78253": [
    "Jacques",
    "B018Y229OU"
  ],
  "47353": [
    "Aravind",
    "B018Y229OU"
  ],
  "37053": [
    "Birdlady",
    "B018Y229OU"
  ],
  "16453": [
    "Hopper",
    "B018Y229OU"
  ],
  "95956": [
    "Buddy",
    "B018Y229OU"
  ],
  "23856": [
    "carol",
    "B018Y229OU"
  ],
  "13556": [
    "Sommer831",
    "B018Y229OU"
  ],
  "72459": [
    "Dnote71",
    "B018Y229OU"
  ],
  "31259": [
    "gigi",
    "B018Y229OU"
  ],
  "10659": [
    "Nita28",
    "B018Y229OU"
  ],
  "359": [
    "JustinMoody",
    "B018Y229OU"
  ],
  "79862": [
    "kjenk",
    "B018Y229OU"
  ],
  "59262": [
    "Izzy",
    "B018Y229OU"
  ],
  "48962": [
    "mikey",
    "B018Y229OU"
  ],
  "38662": [
    "Keisha",
    "B018Y229OU"
  ],
  "76965": [
    "Apple50",
    "B018Y229OU"
  ],
  "46065": [
    "skylion",
    "B018Y229OU"
  ],
  "25465": [
    "JWilliamsBB",
    "B018Y229OU"
  ],
  "15165": [
    "Elflord",
    "B018Y229OU"
  ],
  "63768": [
    "Bubbles8406",
    "B018Y229OU"
  ],
  "53468": [
    "Cord",
    "B018Y229OU"
  ],
  "22568": [
    "1649",
    "B018Y229OU"
  ],
  "81471": [
    "aaron71",
    "B018Y229OU"
  ],
  "50571": [
    "Vero",
    "B018Y229OU"
  ],
  "29971": [
    "Rebs",
    "B018Y229OU"
  ],
  "37374": [
    "karenrec",
    "B018Y229OU"
  ],
  "27074": [
    "justice",
    "B018Y229OU"
  ],
  "13877": [
    "Rose",
    "B018Y229OU"
  ],
  "3577": [
    "Jbsc109",
    "B018Y229OU"
  ],
  "93380": [
    "Angel360",
    "B018Y229OU"
  ],
  "41880": [
    "bayani69",
    "B018Y229OU"
  ],
  "21280": [
    "Hope",
    "B018Y229OU"
  ],
  "10980": [
    "Rishav",
    "B018Y229OU"
  ],
  "69883": [
    "tookie",
    "B018Y229OU"
  ],
  "87586": [
    "BunchFamily",
    "B018Y229OU"
  ],
  "2289": [
    "faye",
    "B018Y229OU"
  ],
  "40592": [
    "Amb112",
    "B018Y229OU"
  ],
  "19992": [
    "sirhotness",
    "B018Y229OU"
  ],
  "78895": [
    "Dawny",
    "B018Y229OU"
  ],
  "58295": [
    "Bert",
    "B018Y229OU"
  ],
  "47995": [
    "HappyValley",
    "B018Y229OU"
  ],
  "37695": [
    "TurkeyJerky",
    "B018Y229OU"
  ],
  "27395": [
    "Domgeo",
    "B018Y229OU"
  ],
  "17095": [
    "Gammy",
    "B018Y229OU"
  ],
  "6795": [
    "Bumpy",
    "B018Y229OU"
  ],
  "96598": [
    "Trulyblessed220417",
    "B018Y229OU"
  ],
  "86298": [
    "Akko",
    "B018Y229OU"
  ],
  "75998": [
    "Suchit",
    "B018Y229OU"
  ],
  "93701": [
    "Brisco",
    "B018Y229OU"
  ],
  "83401": [
    "FrankW",
    "B018Y229OU"
  ],
  "73101": [
    "Jhun",
    "B018Y229OU"
  ],
  "31901": [
    "Katde",
    "B018Y229OU"
  ],
  "21601": [
    "mike003",
    "B018Y229OU"
  ],
  "1001": [
    "goblueme",
    "B018Y229OU"
  ],
  "39304": [
    "purebredmommy",
    "B018Y229OU"
  ],
  "8404": [
    "Smoke14",
    "B018Y229OU"
  ],
  "87907": [
    "Grandpaw",
    "B018Y229OU"
  ],
  "57007": [
    "Fordzilla76",
    "B018Y229OU"
  ],
  "46707": [
    "Gama",
    "B018Y229OU"
  ],
  "26107": [
    "Lewis1",
    "B018Y229OU"
  ],
  "15807": [
    "Adamg",
    "B018Y229OU"
  ],
  "85010": [
    "Bing67",
    "B018Y229OU"
  ],
  "74710": [
    "Jeff",
    "B018Y229OU"
  ],
  "2610": [
    "Jax5",
    "B018Y229OU"
  ],
  "82113": [
    "sacky",
    "B018Y229OU"
  ],
  "61513": [
    "Leslie",
    "B018Y229OU"
  ],
  "51213": [
    "bulldog",
    "B018Y229OU"
  ],
  "10013": [
    "Dngrmonkey",
    "B018Y229OU"
  ],
  "99816": [
    "Kime",
    "B018Y229OU"
  ],
  "79216": [
    "Sandy",
    "B018Y229OU"
  ],
  "68916": [
    "Mark",
    "B018Y229OU"
  ],
  "96919": [
    "Elaine",
    "B018Y229OU"
  ],
  "86619": [
    "jeztur2003",
    "B018Y229OU"
  ],
  "55719": [
    "NewYork7",
    "B018Y229OU"
  ],
  "45419": [
    "8884",
    "B018Y229OU"
  ],
  "35119": [
    "Kennyp",
    "B018Y229OU"
  ],
  "94022": [
    "1Briansapp",
    "B018Y229OU"
  ],
  "83722": [
    "Momma6",
    "B018Y229OU"
  ],
  "73422": [
    "Ink277",
    "B018Y229OU"
  ],
  "32222": [
    "trouble",
    "B018Y229OU"
  ],
  "91125": [
    "SPKarthik",
    "B018Y229OU"
  ],
  "39625": [
    "Ontario",
    "B018Y229OU"
  ],
  "29325": [
    "zerofighterblue",
    "B018Y229OU"
  ],
  "36728": [
    "Cowboykev",
    "B018Y229OU"
  ],
  "16128": [
    "LuisaV",
    "B018Y229OU"
  ],
  "64731": [
    "Greatmovie",
    "B018Y229OU"
  ],
  "23531": [
    "Aubs6904",
    "B018Y229OU"
  ],
  "92734": [
    "smartshopper",
    "B018Y229OU"
  ],
  "72134": [
    "Heyou",
    "B018Y229OU"
  ],
  "61834": [
    "modernlady2",
    "B018Y229OU"
  ],
  "30934": [
    "katydid",
    "B018Y229OU"
  ],
  "89837": [
    "kids5",
    "B018Y229OU"
  ],
  "69237": [
    "Hemo",
    "B018Y229OU"
  ],
  "58937": [
    "Love2shop",
    "B018Y229OU"
  ],
  "48637": [
    "Mrswifi",
    "B018Y229OU"
  ],
  "7437": [
    "Hyvo",
    "B018Y229OU"
  ],
  "76640": [
    "Sound20",
    "B018Y229OU"
  ],
  "66340": [
    "CVWhite",
    "B018Y229OU"
  ],
  "45740": [
    "david4876",
    "B018Y229OU"
  ],
  "14840": [
    "BradM",
    "B018Y229OU"
  ],
  "94343": [
    "npowell0214",
    "B018Y229OU"
  ],
  "73743": [
    "Jhill",
    "B018Y229OU"
  ],
  "63443": [
    "closrafaelm",
    "B018Y229OU"
  ],
  "53143": [
    "Venkat",
    "B018Y229OU"
  ],
  "22243": [
    "Banny",
    "B018Y229OU"
  ],
  "70846": [
    "Sarabanana",
    "B018Y229OU"
  ],
  "98849": [
    "davhut21",
    "B018Y229OU"
  ],
  "88549": [
    "Cdoan",
    "B018Y229OU"
  ],
  "47349": [
    "Richard",
    "B018Y229OU"
  ],
  "26749": [
    "Baybeebro",
    "B018Y229OU"
  ],
  "95952": [
    "Vince",
    "B018Y229OU"
  ],
  "13552": [
    "mujeralegre",
    "B018Y229OU"
  ],
  "93055": [
    "JusandLa",
    "B018Y229OU"
  ],
  "82755": [
    "InlandBBoy67",
    "B018Y229OU"
  ],
  "355": [
    "Maggie",
    "B018Y229OU"
  ],
  "48958": [
    "Givens909",
    "B018Y229OU"
  ],
  "38658": [
    "BigDee",
    "B018Y229OU"
  ],
  "28358": [
    "coolme",
    "B018Y229OU"
  ],
  "7758": [
    "Kids",
    "B018Y229OU"
  ],
  "76961": [
    "Reviewer2019",
    "B018Y229OU"
  ],
  "66661": [
    "happienswt",
    "B018Y229OU"
  ],
  "35761": [
    "smmd",
    "B018Y229OU"
  ],
  "15161": [
    "Robby",
    "B018Y229OU"
  ],
  "4861": [
    "lucky20",
    "B018Y229OU"
  ],
  "94664": [
    "Stunta44",
    "B018Y229OU"
  ],
  "84364": [
    "ShiJohnson",
    "B018Y229OU"
  ],
  "74064": [
    "CARE",
    "B018Y229OU"
  ],
  "71167": [
    "thepope",
    "B018Y229OU"
  ],
  "60867": [
    "Tasha",
    "B018Y229OU"
  ],
  "19667": [
    "Iwaniaknow2",
    "B018Y229OU"
  ],
  "57970": [
    "Tomcat",
    "B018Y229OU"
  ],
  "37370": [
    "Mm1984",
    "B018Y229OU"
  ],
  "65373": [
    "Kndmercer",
    "B018Y229OU"
  ],
  "55073": [
    "Vaquatics",
    "B018Y229OU"
  ],
  "44773": [
    "JimC1954",
    "B018Y229OU"
  ],
  "34473": [
    "JMoha",
    "B018Y229OU"
  ],
  "93376": [
    "cici",
    "B018Y229OU"
  ],
  "83076": [
    "Anna",
    "B018Y229OU"
  ],
  "21276": [
    "Averageuser",
    "B018Y229OU"
  ],
  "676": [
    "Leelipp",
    "B018Y229OU"
  ],
  "59579": [
    "Saundra",
    "B018Y229OU"
  ],
  "49279": [
    "Cisn650",
    "B018Y229OU"
  ],
  "18379": [
    "Sandman",
    "B018Y229OU"
  ],
  "87582": [
    "Chamone83",
    "B018Y229OU"
  ],
  "56682": [
    "Booplaya",
    "B018Y229OU"
  ],
  "84685": [
    "Carm1975",
    "B018Y229OU"
  ],
  "33185": [
    "Andy",
    "B018Y229OU"
  ],
  "12585": [
    "Believer1",
    "B018Y229OU"
  ],
  "81788": [
    "Bexter57",
    "B018Y229OU"
  ],
  "71488": [
    "jazzy",
    "B018Y229OU"
  ],
  "9688": [
    "Optimus2154",
    "B018Y229OU"
  ],
  "89191": [
    "ToshR39",
    "B018Y229OU"
  ],
  "37691": [
    "Lion",
    "B018Y229OU"
  ],
  "17091": [
    "Andre",
    "B018Y229OU"
  ],
  "6791": [
    "USPS7369",
    "B018Y229OU"
  ],
  "24494": [
    "HJT1",
    "B018Y229OU"
  ],
  "93697": [
    "tt4trouble",
    "B018Y229OU"
  ],
  "83397": [
    "fordbronker",
    "B018Y229OU"
  ],
  "73097": [
    "MiMi",
    "B018Y229OU"
  ],
  "62797": [
    "Amazontab",
    "B018Y229OU"
  ],
  "42197": [
    "Robertnkelly",
    "B018Y229OU"
  ],
  "997": [
    "Temi",
    "B018Y229OU"
  ],
  "90800": [
    "pbonilla",
    "B018Y229OU"
  ],
  "80500": [
    "Musiciconic",
    "B018Y229OU"
  ],
  "59900": [
    "Nlipe",
    "B018Y229OU"
  ],
  "8400": [
    "Dusen",
    "B018Y229OU"
  ],
  "87903": [
    "Swandew",
    "B018Y229OU"
  ],
  "67303": [
    "Martie",
    "B018Y229OU"
  ],
  "57003": [
    "carygaard",
    "B018Y229OU"
  ],
  "46703": [
    "Joey",
    "B018Y229OU"
  ],
  "36403": [
    "Shelly",
    "B018Y229OU"
  ],
  "26103": [
    "Redfraggel14",
    "B018Y229OU"
  ],
  "15803": [
    "oony27",
    "B018Y229OU"
  ],
  "95306": [
    "STEELERFAN714",
    "B018Y229OU"
  ],
  "82109": [
    "1dbm",
    "B018Y229OU"
  ],
  "71809": [
    "MrsP",
    "B018Y229OU"
  ],
  "10009": [
    "ldyluk2003",
    "B018Y229OU"
  ],
  "79212": [
    "strongbow",
    "B018Y229OU"
  ],
  "58612": [
    "itoccurs",
    "B018Y229OU"
  ],
  "27712": [
    "thunder7",
    "B018Y229OU"
  ],
  "7112": [
    "Dolly",
    "B018Y229OU"
  ],
  "76315": [
    "ducky12432",
    "B018Y229OU"
  ],
  "45415": [
    "E259",
    "B018Y229OU"
  ],
  "35115": [
    "Skiddby2",
    "B018Y229OU"
  ],
  "4215": [
    "VerySatisfied",
    "B018Y229OU"
  ],
  "42518": [
    "junior",
    "B018Y229OU"
  ],
  "21918": [
    "Vegasbaby",
    "B018Y229OU"
  ],
  "1318": [
    "ant9886",
    "B018Y229OU"
  ],
  "91121": [
    "Uconn175",
    "B018Y229OU"
  ],
  "80821": [
    "oscar9233",
    "B018Y229OU"
  ],
  "60221": [
    "Ajdoom",
    "B018Y229OU"
  ],
  "19021": [
    "Iortiz93",
    "B018Y229OU"
  ],
  "98524": [
    "bobby1",
    "B018Y229OU"
  ],
  "88224": [
    "Tbrooks",
    "B018Y229OU"
  ],
  "47024": [
    "lknoon",
    "B018Y229OU"
  ],
  "26424": [
    "Mmora",
    "B018Y229OU"
  ],
  "85327": [
    "Deedeelyn",
    "B018Y229OU"
  ],
  "54427": [
    "Normaj43",
    "B018Y229OU"
  ],
  "44127": [
    "mommalupes",
    "B018Y229OU"
  ],
  "33827": [
    "Mouna",
    "B018Y229OU"
  ],
  "13227": [
    "kyp74",
    "B018Y229OU"
  ],
  "2927": [
    "Leigh",
    "B018Y229OU"
  ],
  "72130": [
    "Toya",
    "B018Y229OU"
  ],
  "20630": [
    "Slayride67",
    "B018Y229OU"
  ],
  "10330": [
    "Mykids3",
    "B018Y229OU"
  ],
  "89833": [
    "AndroidFanatic",
    "B018Y229OU"
  ],
  "58933": [
    "Cowboy",
    "B018Y229OU"
  ],
  "17733": [
    "shelly",
    "B018Y229OU"
  ],
  "7433": [
    "Colleen",
    "B018Y229OU"
  ],
  "97236": [
    "ifungus",
    "B018Y229OU"
  ],
  "56036": [
    "S143",
    "B018Y229OU"
  ],
  "25136": [
    "Angrydagg",
    "B018Y229OU"
  ],
  "84039": [
    "Appman2015",
    "B018Y229OU"
  ],
  "22239": [
    "SuzieQ",
    "B018Y229OU"
  ],
  "70842": [
    "Gracie",
    "B018Y229OU"
  ],
  "60542": [
    "Jeremyjeepster",
    "B018Y229OU"
  ],
  "9042": [
    "kinglowe78",
    "B018Y229OU"
  ],
  "98845": [
    "jamal",
    "B018Y229OU"
  ],
  "88545": [
    "Abc1",
    "B018Y229OU"
  ],
  "78245": [
    "flak02nd",
    "B018Y229OU"
  ],
  "47345": [
    "4Thrifty",
    "B018Y229OU"
  ],
  "37045": [
    "CaOk",
    "B018Y229OU"
  ],
  "26745": [
    "Tablet2",
    "B018Y229OU"
  ],
  "54748": [
    "Sandycat19",
    "B018Y229OU"
  ],
  "3248": [
    "Tims54913",
    "B018Y229OU"
  ],
  "93051": [
    "Only1P",
    "B018Y229OU"
  ]
}