{
  "77848": [
    "bijju",
    "B018Y229OU"
  ],
  "57248": [
    "dirk",
    "B018Y229OU"
  ],
  "64651": [
    "TanJ",
    "B018Y229OU"
  ],
  "72054": [
    "Patience",
    "B018Y229OU"
  ],
  "41154": [
    "Notal",
    "B018Y229OU"
  ],
  "30854": [
    "Princeaiman68",
    "B018Y229OU"
  ],
  "10254": [
    "At95",
    "B018Y229OU"
  ],
  "100057": [
    "Christinefamily",
    "B018Y229OU"
  ],
  "79457": [
    "carm",
    "B018Y229OU"
  ],
  "27957": [
    "grammy",
    "B018Y229OU"
  ],
  "97160": [
    "ohionative",
    "B018Y229OU"
  ],
  "76560": [
    "Ramesh",
    "B018Y229OU"
  ],
  "55960": [
    "Iceman9mm",
    "B018Y229OU"
  ],
  "45660": [
    "kaz1",
    "B018Y229OU"
  ],
  "83963": [
    "GiftToSis",
    "B018Y229OU"
  ],
  "73663": [
    "JustAnotherShopper",
    "B018Y229OU"
  ],
  "53063": [
    "Ralph3420",
    "B018Y229OU"
  ],
  "81066": [
    "BAM2005",
    "B018Y229OU"
  ],
  "70766": [
    "Bigdawg1025",
    "B018Y229OU"
  ],
  "50166": [
    "Dugfireman",
    "B018Y229OU"
  ],
  "19266": [
    "blueeyes",
    "B018Y229OU"
  ],
  "36969": [
    "Patitoloco",
    "B018Y229OU"
  ],
  "16369": [
    "MetallicaFan5",
    "B018Y229OU"
  ],
  "34072": [
    "cleanfreak",
    "B018Y229OU"
  ],
  "72375": [
    "sdecaf",
    "B018Y229OU"
  ],
  "51775": [
    "Lally",
    "B018Y229OU"
  ],
  "31175": [
    "Naohs",
    "B018Y229OU"
  ],
  "10575": [
    "nene",
    "B018Y229OU"
  ],
  "275": [
    "MikeGA",
    "B018Y229OU"
  ],
  "90078": [
    "sahyblu",
    "B018Y229OU"
  ],
  "28278": [
    "Ketchup",
    "B018Y229OU"
  ],
  "97481": [
    "willy",
    "B018Y229OU"
  ],
  "76881": [
    "KittyCat",
    "B018Y229OU"
  ],
  "73984": [
    "CoolGuy12345",
    "B018Y229OU"
  ],
  "53384": [
    "Jodie",
    "B018Y229OU"
  ],
  "32784": [
    "chipmunktoo",
    "B018Y229OU"
  ],
  "88790": [
    "Alansg92",
    "B018Y229OU"
  ],
  "57890": [
    "CountryDee",
    "B018Y229OU"
  ],
  "37290": [
    "Momohead8",
    "B018Y229OU"
  ],
  "75593": [
    "calsenior",
    "B018Y229OU"
  ],
  "34393": [
    "Teddy",
    "B018Y229OU"
  ],
  "82996": [
    "Joanne",
    "B018Y229OU"
  ],
  "31496": [
    "Marcol",
    "B018Y229OU"
  ],
  "90399": [
    "Vuke",
    "B018Y229OU"
  ],
  "28599": [
    "Nibor",
    "B018Y229OU"
  ],
  "18299": [
    "Eminence",
    "B018Y229OU"
  ],
  "25702": [
    "Danb",
    "B018Y229OU"
  ],
  "5102": [
    "BeeBoss09",
    "B018Y229OU"
  ],
  "94905": [
    "Happy2015",
    "B018Y229OU"
  ],
  "84605": [
    "Simp",
    "B018Y229OU"
  ],
  "53705": [
    "Rosieroo",
    "B018Y229OU"
  ],
  "43405": [
    "bunny720",
    "B018Y229OU"
  ],
  "71408": [
    "dshenaut",
    "B018Y229OU"
  ],
  "9608": [
    "bigboy",
    "B018Y229OU"
  ],
  "78811": [
    "cassie",
    "B018Y229OU"
  ],
  "58211": [
    "sfisher0428",
    "B018Y229OU"
  ],
  "96514": [
    "Bmnsfld5",
    "B018Y229OU"
  ],
  "65614": [
    "Cassieh",
    "B018Y229OU"
  ],
  "55314": [
    "Pbwalker1213",
    "B018Y229OU"
  ],
  "14114": [
    "Bigman",
    "B018Y229OU"
  ],
  "3814": [
    "Raghava",
    "B018Y229OU"
  ],
  "83317": [
    "jackie",
    "B018Y229OU"
  ],
  "73017": [
    "Babygirl1956",
    "B018Y229OU"
  ],
  "52417": [
    "MiketheBrit",
    "B018Y229OU"
  ],
  "42117": [
    "CMS95",
    "B018Y229OU"
  ],
  "31817": [
    "teneya",
    "B018Y229OU"
  ],
  "11217": [
    "Dedza",
    "B018Y229OU"
  ],
  "917": [
    "Deannie",
    "B018Y229OU"
  ],
  "70120": [
    "Bigal",
    "B018Y229OU"
  ],
  "59820": [
    "Chuck",
    "B018Y229OU"
  ],
  "28920": [
    "Lashawn",
    "B018Y229OU"
  ],
  "18620": [
    "Miller31",
    "B018Y229OU"
  ],
  "46623": [
    "Debellis5",
    "B018Y229OU"
  ],
  "64326": [
    "EricT",
    "B018Y229OU"
  ],
  "54026": [
    "Nicool",
    "B018Y229OU"
  ],
  "43726": [
    "datdude",
    "B018Y229OU"
  ],
  "92329": [
    "Lane",
    "B018Y229OU"
  ],
  "71729": [
    "yomama",
    "B018Y229OU"
  ],
  "27632": [
    "gator",
    "B018Y229OU"
  ],
  "76235": [
    "Mikesvikes",
    "B018Y229OU"
  ],
  "14435": [
    "kate02",
    "B018Y229OU"
  ],
  "42438": [
    "Terpman",
    "B018Y229OU"
  ],
  "91041": [
    "wallymich",
    "B018Y229OU"
  ],
  "80741": [
    "alfonsocruz73",
    "B018Y229OU"
  ],
  "60141": [
    "Sabre5000",
    "B018Y229OU"
  ],
  "8641": [
    "BigMamaDove",
    "B018Y229OU"
  ],
  "98444": [
    "Daisy",
    "B018Y229OU"
  ],
  "77844": [
    "Wxstorm",
    "B018Y229OU"
  ],
  "67544": [
    "TechGuy",
    "B018Y229OU"
  ],
  "95547": [
    "Raka",
    "B018Y229OU"
  ],
  "54347": [
    "MsUnique",
    "B018Y229OU"
  ],
  "44047": [
    "HHwelch",
    "B018Y229OU"
  ],
  "23447": [
    "Kiki",
    "B018Y229OU"
  ],
  "92650": [
    "Zekezombie",
    "B018Y229OU"
  ],
  "61750": [
    "Minnie",
    "B018Y229OU"
  ],
  "30850": [
    "NYCGal",
    "B018Y229OU"
  ],
  "100053": [
    "Tank",
    "B018Y229OU"
  ],
  "69153": [
    "Annie1103",
    "B018Y229OU"
  ],
  "38253": [
    "MrGrey",
    "B018Y229OU"
  ],
  "27953": [
    "Anice183",
    "B018Y229OU"
  ],
  "97156": [
    "Bkaa",
    "B018Y229OU"
  ],
  "76556": [
    "steve2667",
    "B018Y229OU"
  ],
  "25056": [
    "Gjtv",
    "B018Y229OU"
  ],
  "94259": [
    "BestBuyShopper9",
    "B018Y229OU"
  ],
  "63359": [
    "Ohmerj",
    "B018Y229OU"
  ],
  "22159": [
    "Keke",
    "B018Y229OU"
  ],
  "1559": [
    "LadyA",
    "B018Y229OU"
  ],
  "91362": [
    "Xmas",
    "B018Y229OU"
  ],
  "81062": [
    "Queentori",
    "B018Y229OU"
  ],
  "70762": [
    "Tnrjarci",
    "B018Y229OU"
  ],
  "50162": [
    "Present",
    "B018Y229OU"
  ],
  "29562": [
    "Sanbar",
    "B018Y229OU"
  ],
  "78165": [
    "Melaeng81",
    "B018Y229OU"
  ],
  "26665": [
    "chris",
    "B018Y229OU"
  ],
  "16365": [
    "Trigger",
    "B018Y229OU"
  ],
  "95868": [
    "CJDT",
    "B018Y229OU"
  ],
  "64968": [
    "LucaBrassi",
    "B018Y229OU"
  ],
  "44368": [
    "Sunshines",
    "B018Y229OU"
  ],
  "34068": [
    "tasselsandchrome",
    "B018Y229OU"
  ],
  "72371": [
    "kindle",
    "B018Y229OU"
  ],
  "41471": [
    "MarcM",
    "B018Y229OU"
  ],
  "20871": [
    "Ammm",
    "B018Y229OU"
  ],
  "271": [
    "NMGPRO",
    "B018Y229OU"
  ],
  "69474": [
    "leee",
    "B018Y229OU"
  ],
  "48874": [
    "matty",
    "B018Y229OU"
  ],
  "38574": [
    "Rebe",
    "B018Y229OU"
  ],
  "35677": [
    "cateyes",
    "B018Y229OU"
  ],
  "84280": [
    "JimiLee1",
    "B018Y229OU"
  ],
  "53380": [
    "Geniusactor",
    "B018Y229OU"
  ],
  "1880": [
    "TheWallyKingpin",
    "B018Y229OU"
  ],
  "71083": [
    "BBCustomer",
    "B018Y229OU"
  ],
  "40183": [
    "Vish",
    "B018Y229OU"
  ],
  "19583": [
    "RLD1",
    "B018Y229OU"
  ],
  "9283": [
    "polarbear1",
    "B018Y229OU"
  ],
  "78486": [
    "Maskstudio",
    "B018Y229OU"
  ],
  "75589": [
    "BRMemaw",
    "B018Y229OU"
  ],
  "54989": [
    "NoDak",
    "B018Y229OU"
  ],
  "44689": [
    "Momof3",
    "B018Y229OU"
  ],
  "3489": [
    "tgrfan2",
    "B018Y229OU"
  ],
  "72692": [
    "RmH33",
    "B018Y229OU"
  ],
  "62392": [
    "Romaneyes4",
    "B018Y229OU"
  ],
  "41792": [
    "Maurice26",
    "B018Y229OU"
  ],
  "31492": [
    "rjcs",
    "B018Y229OU"
  ],
  "69795": [
    "robo201038",
    "B018Y229OU"
  ],
  "38895": [
    "Bookpopcorn",
    "B018Y229OU"
  ],
  "18295": [
    "clarkbar",
    "B018Y229OU"
  ],
  "7995": [
    "Danlebroncafe",
    "B018Y229OU"
  ],
  "56598": [
    "Sreeni",
    "B018Y229OU"
  ],
  "35998": [
    "Theesunrise1",
    "B018Y229OU"
  ],
  "15398": [
    "weslaco23",
    "B018Y229OU"
  ],
  "94901": [
    "twp1974",
    "B018Y229OU"
  ],
  "64001": [
    "mallard2920",
    "B018Y229OU"
  ],
  "33101": [
    "Williemccorkle45",
    "B018Y229OU"
  ],
  "2201": [
    "isela",
    "B018Y229OU"
  ],
  "30204": [
    "rafa",
    "B018Y229OU"
  ],
  "9604": [
    "showman1023",
    "B018Y229OU"
  ],
  "68507": [
    "Demented1914",
    "B018Y229OU"
  ],
  "27307": [
    "Shadow",
    "B018Y229OU"
  ],
  "96510": [
    "Themav01",
    "B018Y229OU"
  ],
  "75910": [
    "Alex12",
    "B018Y229OU"
  ],
  "45010": [
    "mlafears",
    "B018Y229OU"
  ],
  "93613": [
    "queen",
    "B018Y229OU"
  ],
  "83313": [
    "mustang73",
    "B018Y229OU"
  ],
  "52413": [
    "michc530",
    "B018Y229OU"
  ],
  "913": [
    "Iowa1904",
    "B018Y229OU"
  ],
  "80416": [
    "d1967g",
    "B018Y229OU"
  ],
  "39216": [
    "rjnsb",
    "B018Y229OU"
  ],
  "28916": [
    "glc1213",
    "B018Y229OU"
  ],
  "8316": [
    "nikiscal",
    "B018Y229OU"
  ],
  "77519": [
    "ivory",
    "B018Y229OU"
  ],
  "5419": [
    "Dawnok3",
    "B018Y229OU"
  ],
  "95222": [
    "CEG4419",
    "B018Y229OU"
  ],
  "84922": [
    "Falfan82",
    "B018Y229OU"
  ],
  "43722": [
    "jpensinger",
    "B018Y229OU"
  ],
  "82025": [
    "Portiz23",
    "B018Y229OU"
  ],
  "40825": [
    "tphillips",
    "B018Y229OU"
  ],
  "20225": [
    "cbuck",
    "B018Y229OU"
  ],
  "99728": [
    "jhm986",
    "B018Y229OU"
  ],
  "68828": [
    "AnnB",
    "B018Y229OU"
  ],
  "27628": [
    "salsline3",
    "B018Y229OU"
  ],
  "86531": [
    "Ovid",
    "B018Y229OU"
  ],
  "76231": [
    "Meme",
    "B018Y229OU"
  ],
  "65931": [
    "janlern",
    "B018Y229OU"
  ],
  "55631": [
    "Manny",
    "B018Y229OU"
  ],
  "35031": [
    "Cruise65",
    "B018Y229OU"
  ],
  "24731": [
    "Rufus08",
    "B018Y229OU"
  ],
  "14431": [
    "k048",
    "B018Y229OU"
  ],
  "4131": [
    "rainbow52",
    "B018Y229OU"
  ],
  "93934": [
    "Klown",
    "B018Y229OU"
  ],
  "52734": [
    "Coffee",
    "B018Y229OU"
  ],
  "21834": [
    "Randy",
    "B018Y229OU"
  ],
  "11534": [
    "tbbulls",
    "B018Y229OU"
  ],
  "1234": [
    "john",
    "B018Y229OU"
  ],
  "91037": [
    "MaryD",
    "B018Y229OU"
  ],
  "49837": [
    "underdog",
    "B018Y229OU"
  ],
  "39537": [
    "Michelleroofs",
    "B018Y229OU"
  ],
  "18937": [
    "katherine",
    "B018Y229OU"
  ],
  "57240": [
    "dani",
    "B018Y229OU"
  ],
  "5740": [
    "deon",
    "B018Y229OU"
  ],
  "95543": [
    "Reeya",
    "B018Y229OU"
  ],
  "74943": [
    "levony",
    "B018Y229OU"
  ],
  "44043": [
    "TechBuyer",
    "B018Y229OU"
  ],
  "33743": [
    "CesKindle",
    "B018Y229OU"
  ],
  "2843": [
    "monnaye",
    "B018Y229OU"
  ],
  "82346": [
    "Intothewoods",
    "B018Y229OU"
  ],
  "72046": [
    "go2school",
    "B018Y229OU"
  ],
  "30846": [
    "Jesus",
    "B018Y229OU"
  ],
  "10246": [
    "castillo111",
    "B018Y229OU"
  ],
  "27949": [
    "jimy",
    "B018Y229OU"
  ],
  "17649": [
    "Pesha",
    "B018Y229OU"
  ],
  "76552": [
    "Chicago",
    "B018Y229OU"
  ],
  "45652": [
    "Byaga",
    "B018Y229OU"
  ],
  "14752": [
    "Pentonto666",
    "B018Y229OU"
  ],
  "94255": [
    "desi34",
    "B018Y229OU"
  ],
  "53055": [
    "Camt",
    "B018Y229OU"
  ],
  "32455": [
    "Bach",
    "B018Y229OU"
  ],
  "1555": [
    "tiger1",
    "B018Y229OU"
  ],
  "81058": [
    "Jasonfolsom",
    "B018Y229OU"
  ],
  "8958": [
    "valley2",
    "B018Y229OU"
  ],
  "98761": [
    "TnChick16",
    "B018Y229OU"
  ],
  "47261": [
    "Pdavis5",
    "B018Y229OU"
  ],
  "36961": [
    "low2thaflo",
    "B018Y229OU"
  ],
  "16361": [
    "Nannies",
    "B018Y229OU"
  ],
  "75264": [
    "brown530",
    "B018Y229OU"
  ],
  "64964": [
    "MRMULL",
    "B018Y229OU"
  ],
  "34064": [
    "pack1566",
    "B018Y229OU"
  ],
  "23764": [
    "litu",
    "B018Y229OU"
  ],
  "13464": [
    "Dillon0906",
    "B018Y229OU"
  ],
  "92967": [
    "CBJR",
    "B018Y229OU"
  ],
  "82667": [
    "Coacheswife",
    "B018Y229OU"
  ],
  "62067": [
    "STACIE",
    "B018Y229OU"
  ],
  "20867": [
    "sd78",
    "B018Y229OU"
  ],
  "28270": [
    "1250",
    "B018Y229OU"
  ],
  "17970": [
    "handyman26",
    "B018Y229OU"
  ],
  "7670": [
    "computerdude",
    "B018Y229OU"
  ],
  "25373": [
    "Grittzngravy",
    "B018Y229OU"
  ],
  "15073": [
    "Markanthony3602000",
    "B018Y229OU"
  ],
  "4773": [
    "Onoria",
    "B018Y229OU"
  ],
  "73976": [
    "Kyle",
    "B018Y229OU"
  ],
  "53376": [
    "Eericksen",
    "B018Y229OU"
  ],
  "12176": [
    "MLORD",
    "B018Y229OU"
  ],
  "81379": [
    "grandmouse6",
    "B018Y229OU"
  ],
  "60779": [
    "mquiroz",
    "B018Y229OU"
  ],
  "40179": [
    "spunkymom",
    "B018Y229OU"
  ],
  "19579": [
    "Lynette",
    "B018Y229OU"
  ],
  "99082": [
    "packerbacker",
    "B018Y229OU"
  ],
  "78482": [
    "DownAndOut",
    "B018Y229OU"
  ],
  "37282": [
    "MsMelody",
    "B018Y229OU"
  ],
  "26982": [
    "GabSol",
    "B018Y229OU"
  ],
  "85885": [
    "mookie",
    "B018Y229OU"
  ],
  "75585": [
    "Ruffryder",
    "B018Y229OU"
  ],
  "52088": [
    "Vinnie",
    "B018Y229OU"
  ],
  "90391": [
    "DinoFan",
    "B018Y229OU"
  ],
  "38891": [
    "Bandit78",
    "B018Y229OU"
  ],
  "28591": [
    "Americanmut",
    "B018Y229OU"
  ],
  "66894": [
    "freedomlady47",
    "B018Y229OU"
  ],
  "56594": [
    "mawmaw",
    "B018Y229OU"
  ],
  "46294": [
    "Tomf",
    "B018Y229OU"
  ],
  "25694": [
    "chritbit",
    "B018Y229OU"
  ],
  "43397": [
    "Gabhog1125",
    "B018Y229OU"
  ],
  "50800": [
    "Pat2015",
    "B018Y229OU"
  ],
  "27303": [
    "Myboys",
    "B018Y229OU"
  ],
  "75906": [
    "19rhonel72",
    "B018Y229OU"
  ],
  "65606": [
    "TABLET",
    "B018Y229OU"
  ],
  "24406": [
    "Natvishnu",
    "B018Y229OU"
  ],
  "83309": [
    "sterling",
    "B018Y229OU"
  ],
  "52409": [
    "pics",
    "B018Y229OU"
  ],
  "31809": [
    "Frogstar",
    "B018Y229OU"
  ],
  "21509": [
    "Rocky",
    "B018Y229OU"
  ],
  "28912": [
    "Lily",
    "B018Y229OU"
  ],
  "18612": [
    "Rube",
    "B018Y229OU"
  ],
  "67215": [
    "Vrex815",
    "B018Y229OU"
  ],
  "56915": [
    "AlonzoSelvin",
    "B018Y229OU"
  ],
  "74618": [
    "Tinam",
    "B018Y229OU"
  ],
  "64318": [
    "missre",
    "B018Y229OU"
  ],
  "33418": [
    "MaheshBabu",
    "B018Y229OU"
  ],
  "23118": [
    "Harry81",
    "B018Y229OU"
  ],
  "12818": [
    "Dede",
    "B018Y229OU"
  ],
  "92321": [
    "bbysonos",
    "B018Y229OU"
  ],
  "61421": [
    "neyney",
    "B018Y229OU"
  ],
  "30521": [
    "ljenkins",
    "B018Y229OU"
  ],
  "9921": [
    "Faithfulshopper",
    "B018Y229OU"
  ],
  "68824": [
    "Alg101080",
    "B018Y229OU"
  ],
  "27624": [
    "daphne",
    "B018Y229OU"
  ],
  "96827": [
    "Chillers",
    "B018Y229OU"
  ],
  "86527": [
    "JavPad",
    "B018Y229OU"
  ],
  "76227": [
    "Gilphotography",
    "B018Y229OU"
  ],
  "45327": [
    "2tru",
    "B018Y229OU"
  ],
  "4127": [
    "REEREESHAW",
    "B018Y229OU"
  ],
  "63030": [
    "Hiparkk",
    "B018Y229OU"
  ],
  "21830": [
    "Mkstamper",
    "B018Y229OU"
  ],
  "91033": [
    "Sarah",
    "B018Y229OU"
  ],
  "57236": [
    "Kathyo",
    "B018Y229OU"
  ],
  "46936": [
    "Icecar14",
    "B018Y229OU"
  ],
  "26336": [
    "Crystal212",
    "B018Y229OU"
  ],
  "95539": [
    "Ritann",
    "B018Y229OU"
  ],
  "85239": [
    "Billk52880",
    "B018Y229OU"
  ],
  "74939": [
    "sharris",
    "B018Y229OU"
  ],
  "2839": [
    "gaminggram",
    "B018Y229OU"
  ],
  "82342": [
    "mikehenderson",
    "B018Y229OU"
  ],
  "72042": [
    "troyA",
    "B018Y229OU"
  ],
  "20542": [
    "Brit",
    "B018Y229OU"
  ],
  "58845": [
    "Ksparks",
    "B018Y229OU"
  ],
  "38245": [
    "nook",
    "B018Y229OU"
  ],
  "86848": [
    "Brandon",
    "B018Y229OU"
  ],
  "73651": [
    "GeekDad",
    "B018Y229OU"
  ],
  "32451": [
    "DjMiami01",
    "B018Y229OU"
  ],
  "22151": [
    "Pam522",
    "B018Y229OU"
  ],
  "6057": [
    "Tinkerbell",
    "B018Y229OU"
  ],
  "95860": [
    "Tino",
    "B018Y229OU"
  ],
  "85560": [
    "Kathi",
    "B018Y229OU"
  ],
  "13460": [
    "Joannie",
    "B018Y229OU"
  ],
  "20863": [
    "Yellie",
    "B018Y229OU"
  ],
  "263": [
    "aram58",
    "B018Y229OU"
  ],
  "90066": [
    "Bestbuyer",
    "B018Y229OU"
  ],
  "79766": [
    "have89",
    "B018Y229OU"
  ],
  "69466": [
    "AnarchyAngel",
    "B018Y229OU"
  ],
  "28266": [
    "Jcrp",
    "B018Y229OU"
  ],
  "73972": [
    "Mommy09",
    "B018Y229OU"
  ],
  "63672": [
    "Hlmaloney",
    "B018Y229OU"
  ],
  "43072": [
    "tunasalad",
    "B018Y229OU"
  ],
  "12172": [
    "Carlarco",
    "B018Y229OU"
  ],
  "99078": [
    "Greenbean",
    "B018Y229OU"
  ],
  "78478": [
    "Ivrobin",
    "B018Y229OU"
  ],
  "26978": [
    "nani",
    "B018Y229OU"
  ],
  "16678": [
    "mafitzz",
    "B018Y229OU"
  ],
  "65281": [
    "Unknown77",
    "B018Y229OU"
  ],
  "13781": [
    "1HappyPat",
    "B018Y229OU"
  ],
  "72684": [
    "Saucey64",
    "B018Y229OU"
  ],
  "52084": [
    "Marty",
    "B018Y229OU"
  ],
  "21184": [
    "HRTOperator",
    "B018Y229OU"
  ],
  "10884": [
    "Andrew",
    "B018Y229OU"
  ],
  "584": [
    "Pself18",
    "B018Y229OU"
  ],
  "69787": [
    "Videoman",
    "B018Y229OU"
  ],
  "38887": [
    "ALCADILLAC",
    "B018Y229OU"
  ],
  "97790": [
    "mattb",
    "B018Y229OU"
  ],
  "87490": [
    "STST",
    "B018Y229OU"
  ],
  "66890": [
    "MomBarb",
    "B018Y229OU"
  ],
  "74293": [
    "tinagina",
    "B018Y229OU"
  ],
  "33093": [
    "Atilaye2005",
    "B018Y229OU"
  ],
  "91996": [
    "nick",
    "B018Y229OU"
  ],
  "71396": [
    "bims",
    "B018Y229OU"
  ],
  "61096": [
    "anamoaman",
    "B018Y229OU"
  ],
  "50796": [
    "AshM",
    "B018Y229OU"
  ],
  "19896": [
    "Joelm",
    "B018Y229OU"
  ],
  "37599": [
    "tjd28",
    "B018Y229OU"
  ],
  "27299": [
    "SamS",
    "B018Y229OU"
  ],
  "16999": [
    "MsLee27",
    "B018Y229OU"
  ],
  "86202": [
    "KitKat",
    "B018Y229OU"
  ],
  "75902": [
    "toria",
    "B018Y229OU"
  ],
  "65602": [
    "Busymomy",
    "B018Y229OU"
  ],
  "45002": [
    "Tdms",
    "B018Y229OU"
  ],
  "34702": [
    "Gc75067",
    "B018Y229OU"
  ],
  "21505": [
    "Russ",
    "B018Y229OU"
  ],
  "80408": [
    "marigodi",
    "B018Y229OU"
  ],
  "28908": [
    "CT78",
    "B018Y229OU"
  ],
  "8308": [
    "BlessedX3",
    "B018Y229OU"
  ],
  "67211": [
    "snj8",
    "B018Y229OU"
  ],
  "36311": [
    "mmaria452",
    "B018Y229OU"
  ],
  "26011": [
    "RetiredScot21",
    "B018Y229OU"
  ],
  "84914": [
    "nobly5",
    "B018Y229OU"
  ],
  "54014": [
    "badger",
    "B018Y229OU"
  ],
  "33414": [
    "Lpod0000",
    "B018Y229OU"
  ],
  "23114": [
    "Cachito",
    "B018Y229OU"
  ],
  "2514": [
    "intensity",
    "B018Y229OU"
  ],
  "92317": [
    "Nadine",
    "B018Y229OU"
  ],
  "51117": [
    "lagalaxy",
    "B018Y229OU"
  ],
  "30517": [
    "phantomf2008",
    "B018Y229OU"
  ],
  "20217": [
    "Newbie",
    "B018Y229OU"
  ],
  "79120": [
    "lesli",
    "B018Y229OU"
  ],
  "68820": [
    "Nina",
    "B018Y229OU"
  ],
  "27620": [
    "par49013",
    "B018Y229OU"
  ],
  "17320": [
    "Daniel",
    "B018Y229OU"
  ],
  "7020": [
    "Itezme",
    "B018Y229OU"
  ],
  "96823": [
    "Mychalr43",
    "B018Y229OU"
  ],
  "76223": [
    "Canales2",
    "B018Y229OU"
  ],
  "45323": [
    "Narwick",
    "B018Y229OU"
  ],
  "24723": [
    "olayo48",
    "B018Y229OU"
  ],
  "83626": [
    "sammy",
    "B018Y229OU"
  ],
  "63026": [
    "joybell5",
    "B018Y229OU"
  ],
  "42426": [
    "Carrie",
    "B018Y229OU"
  ],
  "80729": [
    "Star",
    "B018Y229OU"
  ],
  "29229": [
    "Fire7Tablet",
    "B018Y229OU"
  ],
  "88132": [
    "cherbear1993",
    "B018Y229OU"
  ],
  "77832": [
    "Nablazed1",
    "B018Y229OU"
  ],
  "26332": [
    "Aimee",
    "B018Y229OU"
  ],
  "72038": [
    "Doctor",
    "B018Y229OU"
  ],
  "41138": [
    "excidian21",
    "B018Y229OU"
  ],
  "30838": [
    "NMeyers",
    "B018Y229OU"
  ],
  "100041": [
    "billjw",
    "B018Y229OU"
  ],
  "89741": [
    "Twan",
    "B018Y229OU"
  ],
  "58841": [
    "DubberOne",
    "B018Y229OU"
  ],
  "7341": [
    "Norma",
    "B018Y229OU"
  ],
  "86844": [
    "Body",
    "B018Y229OU"
  ],
  "76544": [
    "helenchris",
    "B018Y229OU"
  ],
  "66244": [
    "dcarrnutt",
    "B018Y229OU"
  ],
  "45644": [
    "CastJ",
    "B018Y229OU"
  ],
  "94247": [
    "Page1",
    "B018Y229OU"
  ],
  "53047": [
    "12345",
    "B018Y229OU"
  ],
  "1547": [
    "Labrenza0",
    "B018Y229OU"
  ],
  "81050": [
    "Bell0001",
    "B018Y229OU"
  ],
  "70750": [
    "Hynece",
    "B018Y229OU"
  ],
  "50150": [
    "chuck",
    "B018Y229OU"
  ],
  "57553": [
    "MrCipher",
    "B018Y229OU"
  ],
  "36953": [
    "Headache",
    "B018Y229OU"
  ],
  "54656": [
    "poohbear46",
    "B018Y229OU"
  ],
  "44356": [
    "AmyL",
    "B018Y229OU"
  ],
  "13456": [
    "Lannyhammock",
    "B018Y229OU"
  ],
  "3156": [
    "smileypinky",
    "B018Y229OU"
  ],
  "92959": [
    "Mawmaw",
    "B018Y229OU"
  ],
  "10559": [
    "Charm",
    "B018Y229OU"
  ],
  "48862": [
    "Briteladee",
    "B018Y229OU"
  ],
  "38562": [
    "Maxine",
    "B018Y229OU"
  ],
  "76865": [
    "JESS",
    "B018Y229OU"
  ],
  "56265": [
    "jecr",
    "B018Y229OU"
  ],
  "45965": [
    "mzles",
    "B018Y229OU"
  ],
  "94568": [
    "ZenixMalano",
    "B018Y229OU"
  ],
  "84268": [
    "KatieB",
    "B018Y229OU"
  ],
  "73968": [
    "gondaa",
    "B018Y229OU"
  ],
  "53368": [
    "Jaybeecruise",
    "B018Y229OU"
  ],
  "1868": [
    "Chas",
    "B018Y229OU"
  ],
  "91671": [
    "Patsee",
    "B018Y229OU"
  ],
  "60771": [
    "Jordan",
    "B018Y229OU"
  ],
  "19571": [
    "Jedi1234",
    "B018Y229OU"
  ],
  "78474": [
    "RNfromFL",
    "B018Y229OU"
  ],
  "6374": [
    "Happilytaken",
    "B018Y229OU"
  ],
  "96177": [
    "Bkzibda",
    "B018Y229OU"
  ],
  "65277": [
    "Fireguy",
    "B018Y229OU"
  ],
  "34377": [
    "AJW30",
    "B018Y229OU"
  ],
  "13777": [
    "Leeah",
    "B018Y229OU"
  ],
  "93280": [
    "Fakhrul",
    "B018Y229OU"
  ],
  "31480": [
    "JAmazan",
    "B018Y229OU"
  ],
  "59483": [
    "Michael",
    "B018Y229OU"
  ],
  "18283": [
    "dodgers",
    "B018Y229OU"
  ],
  "97786": [
    "VAL1216",
    "B018Y229OU"
  ],
  "56586": [
    "Maria",
    "B018Y229OU"
  ],
  "25686": [
    "rf23",
    "B018Y229OU"
  ],
  "15386": [
    "Emko68",
    "B018Y229OU"
  ],
  "94889": [
    "Aznloki",
    "B018Y229OU"
  ],
  "12489": [
    "R3dxk1ng",
    "B018Y229OU"
  ],
  "91992": [
    "Baltimoreman",
    "B018Y229OU"
  ],
  "71392": [
    "Rizwan",
    "B018Y229OU"
  ],
  "40492": [
    "Ngkih",
    "B018Y229OU"
  ],
  "9592": [
    "SpeedyJ",
    "B018Y229OU"
  ],
  "78795": [
    "Deuces",
    "B018Y229OU"
  ],
  "68495": [
    "KINYUANME14",
    "B018Y229OU"
  ],
  "58195": [
    "Naddu",
    "B018Y229OU"
  ],
  "47895": [
    "andersonshell1972",
    "B018Y229OU"
  ],
  "6695": [
    "tutidr3",
    "B018Y229OU"
  ],
  "96498": [
    "Sean",
    "B018Y229OU"
  ],
  "55298": [
    "Wall",
    "B018Y229OU"
  ],
  "14098": [
    "Paul",
    "B018Y229OU"
  ],
  "83301": [
    "DVDmastera",
    "B018Y229OU"
  ],
  "21501": [
    "Twilight",
    "B018Y229OU"
  ],
  "98107": [
    "Dutty",
    "B018Y229OU"
  ],
  "67207": [
    "Nupe17",
    "B018Y229OU"
  ],
  "26007": [
    "milty",
    "B018Y229OU"
  ],
  "15707": [
    "Davees",
    "B018Y229OU"
  ],
  "74610": [
    "Thazin",
    "B018Y229OU"
  ],
  "54010": [
    "libraladi",
    "B018Y229OU"
  ],
  "43710": [
    "greg",
    "B018Y229OU"
  ],
  "23110": [
    "Bee504",
    "B018Y229OU"
  ],
  "12810": [
    "Dads",
    "B018Y229OU"
  ],
  "2510": [
    "Wolfpack",
    "B018Y229OU"
  ],
  "92313": [
    "janbass",
    "B018Y229OU"
  ],
  "30513": [
    "Yatta",
    "B018Y229OU"
  ],
  "79116": [
    "BobJ",
    "B018Y229OU"
  ],
  "27616": [
    "Beauty",
    "B018Y229OU"
  ],
  "7016": [
    "Kisha",
    "B018Y229OU"
  ],
  "65919": [
    "Psycrow",
    "B018Y229OU"
  ],
  "45319": [
    "Lhale2016",
    "B018Y229OU"
  ],
  "35019": [
    "SIMSIM",
    "B018Y229OU"
  ],
  "24719": [
    "Debs01",
    "B018Y229OU"
  ],
  "4119": [
    "Momma36",
    "B018Y229OU"
  ],
  "73322": [
    "sharp",
    "B018Y229OU"
  ],
  "52722": [
    "Yahya",
    "B018Y229OU"
  ],
  "32122": [
    "BillRich",
    "B018Y229OU"
  ],
  "21822": [
    "baroto",
    "B018Y229OU"
  ],
  "39525": [
    "Viper0821",
    "B018Y229OU"
  ],
  "77828": [
    "Tessa94",
    "B018Y229OU"
  ],
  "95531": [
    "Amad",
    "B018Y229OU"
  ],
  "54331": [
    "yoli",
    "B018Y229OU"
  ],
  "44031": [
    "nukecheese",
    "B018Y229OU"
  ],
  "33731": [
    "ArmyVeteran",
    "B018Y229OU"
  ],
  "13131": [
    "matrixone13",
    "B018Y229OU"
  ],
  "82334": [
    "Sexxychocolate83",
    "B018Y229OU"
  ],
  "58837": [
    "artsaves",
    "B018Y229OU"
  ],
  "38237": [
    "Gabriel",
    "B018Y229OU"
  ],
  "17637": [
    "Bj13",
    "B018Y229OU"
  ],
  "97140": [
    "Josem13",
    "B018Y229OU"
  ],
  "86840": [
    "Beetle",
    "B018Y229OU"
  ],
  "76540": [
    "Nama",
    "B018Y229OU"
  ],
  "45640": [
    "Misnateli",
    "B018Y229OU"
  ],
  "73643": [
    "Margaret",
    "B018Y229OU"
  ],
  "32443": [
    "Hemme11",
    "B018Y229OU"
  ],
  "60446": [
    "Max1225",
    "B018Y229OU"
  ],
  "88449": [
    "MsPrescott",
    "B018Y229OU"
  ],
  "47249": [
    "Nixs",
    "B018Y229OU"
  ],
  "85552": [
    "Tymeka",
    "B018Y229OU"
  ],
  "75252": [
    "bmanno",
    "B018Y229OU"
  ],
  "54652": [
    "Vincent",
    "B018Y229OU"
  ],
  "34052": [
    "Davidbtjr",
    "B018Y229OU"
  ],
  "3152": [
    "Fede",
    "B018Y229OU"
  ],
  "92955": [
    "RCroney",
    "B018Y229OU"
  ],
  "62055": [
    "lala40",
    "B018Y229OU"
  ],
  "31155": [
    "Monkey",
    "B018Y229OU"
  ],
  "10555": [
    "kaos21090",
    "B018Y229OU"
  ],
  "90058": [
    "Anand",
    "B018Y229OU"
  ],
  "48858": [
    "Mauro",
    "B018Y229OU"
  ],
  "87161": [
    "brewerchic79",
    "B018Y229OU"
  ],
  "66561": [
    "JadeLow",
    "B018Y229OU"
  ],
  "53364": [
    "Cheese",
    "B018Y229OU"
  ],
  "91667": [
    "StacyJ",
    "B018Y229OU"
  ],
  "50467": [
    "TheCollecter",
    "B018Y229OU"
  ],
  "40167": [
    "Shopper",
    "B018Y229OU"
  ],
  "19567": [
    "Grim",
    "B018Y229OU"
  ],
  "9267": [
    "Bookworm",
    "B018Y229OU"
  ],
  "68170": [
    "Pick",
    "B018Y229OU"
  ],
  "47570": [
    "prstar077",
    "B018Y229OU"
  ],
  "37270": [
    "Guitarlistening",
    "B018Y229OU"
  ],
  "75573": [
    "deacondave",
    "B018Y229OU"
  ],
  "34373": [
    "Brenny",
    "B018Y229OU"
  ],
  "13773": [
    "Dngrz4",
    "B018Y229OU"
  ],
  "3473": [
    "Jenny",
    "B018Y229OU"
  ],
  "62376": [
    "Bobert",
    "B018Y229OU"
  ],
  "576": [
    "Ekhill",
    "B018Y229OU"
  ],
  "80079": [
    "Cjam",
    "B018Y229OU"
  ],
  "77182": [
    "Sante",
    "B018Y229OU"
  ],
  "15382": [
    "teresac50",
    "B018Y229OU"
  ],
  "5082": [
    "birdie",
    "B018Y229OU"
  ],
  "94885": [
    "richard",
    "B018Y229OU"
  ],
  "84585": [
    "wdws8",
    "B018Y229OU"
  ],
  "74285": [
    "rhonda",
    "B018Y229OU"
  ],
  "22785": [
    "Firetab",
    "B018Y229OU"
  ],
  "2185": [
    "Amu1",
    "B018Y229OU"
  ],
  "40488": [
    "Thomas43",
    "B018Y229OU"
  ],
  "19888": [
    "649Bandit",
    "B018Y229OU"
  ],
  "89091": [
    "dukeandbuddy",
    "B018Y229OU"
  ],
  "78791": [
    "retiree",
    "B018Y229OU"
  ],
  "58191": [
    "ilovearrow",
    "B018Y229OU"
  ],
  "27291": [
    "MsJuicy",
    "B018Y229OU"
  ],
  "86194": [
    "Rfinn",
    "B018Y229OU"
  ],
  "55294": [
    "sleepy",
    "B018Y229OU"
  ],
  "44994": [
    "Cmerri",
    "B018Y229OU"
  ],
  "3794": [
    "handyman",
    "B018Y229OU"
  ],
  "62697": [
    "Rays",
    "B018Y229OU"
  ],
  "52397": [
    "Jess791624",
    "B018Y229OU"
  ],
  "59800": [
    "Rona",
    "B018Y229OU"
  ],
  "18600": [
    "Nismo",
    "B018Y229OU"
  ],
  "8300": [
    "EGould81",
    "B018Y229OU"
  ],
  "26003": [
    "kimi",
    "B018Y229OU"
  ],
  "15703": [
    "sydfife",
    "B018Y229OU"
  ],
  "54006": [
    "Sing",
    "B018Y229OU"
  ],
  "43706": [
    "Abnono",
    "B018Y229OU"
  ],
  "9909": [
    "danny",
    "B018Y229OU"
  ],
  "99712": [
    "S1250",
    "B018Y229OU"
  ],
  "58512": [
    "red79winter",
    "B018Y229OU"
  ],
  "17312": [
    "AggieDog",
    "B018Y229OU"
  ],
  "86515": [
    "neat",
    "B018Y229OU"
  ],
  "55615": [
    "Mstish",
    "B018Y229OU"
  ],
  "24715": [
    "RICMEX",
    "B018Y229OU"
  ],
  "14415": [
    "Jayson",
    "B018Y229OU"
  ],
  "4115": [
    "hairydawgmel",
    "B018Y229OU"
  ],
  "93918": [
    "Technology",
    "B018Y229OU"
  ],
  "73318": [
    "lawyerman",
    "B018Y229OU"
  ],
  "11518": [
    "aw71986",
    "B018Y229OU"
  ],
  "1218": [
    "rosanne7648",
    "B018Y229OU"
  ],
  "91021": [
    "Mutie",
    "B018Y229OU"
  ],
  "70421": [
    "corvidmortum",
    "B018Y229OU"
  ],
  "60121": [
    "Juancarlos",
    "B018Y229OU"
  ],
  "49821": [
    "Spartaking",
    "B018Y229OU"
  ],
  "95527": [
    "Sassy920",
    "B018Y229OU"
  ],
  "44027": [
    "jet1",
    "B018Y229OU"
  ],
  "23427": [
    "Creese",
    "B018Y229OU"
  ],
  "13127": [
    "tnelson",
    "B018Y229OU"
  ],
  "2827": [
    "Themetedundar",
    "B018Y229OU"
  ],
  "92630": [
    "Petey",
    "B018Y229OU"
  ],
  "82330": [
    "Js123",
    "B018Y229OU"
  ],
  "41130": [
    "Betti",
    "B018Y229OU"
  ],
  "10230": [
    "Curly",
    "B018Y229OU"
  ],
  "100033": [
    "Peterg",
    "B018Y229OU"
  ],
  "79433": [
    "craiger",
    "B018Y229OU"
  ],
  "38233": [
    "todo2le",
    "B018Y229OU"
  ],
  "17633": [
    "DiliGoRound",
    "B018Y229OU"
  ],
  "55936": [
    "Shi21",
    "B018Y229OU"
  ],
  "35336": [
    "Jones",
    "B018Y229OU"
  ],
  "14736": [
    "chasingchase",
    "B018Y229OU"
  ],
  "94239": [
    "oz73",
    "B018Y229OU"
  ],
  "83939": [
    "Chexy123",
    "B018Y229OU"
  ],
  "6045": [
    "Neatgear",
    "B018Y229OU"
  ],
  "54648": [
    "Mtfdben",
    "B018Y229OU"
  ],
  "44348": [
    "Gabe",
    "B018Y229OU"
  ],
  "34048": [
    "Redbird",
    "B018Y229OU"
  ],
  "23748": [
    "granny1",
    "B018Y229OU"
  ],
  "72351": [
    "Wolfmanphil",
    "B018Y229OU"
  ],
  "20851": [
    "HappyCustomer",
    "B018Y229OU"
  ],
  "10551": [
    "Polo",
    "B018Y229OU"
  ],
  "251": [
    "Cheechu821",
    "B018Y229OU"
  ],
  "90054": [
    "Smizer",
    "B018Y229OU"
  ],
  "69454": [
    "Medmom",
    "B018Y229OU"
  ],
  "38554": [
    "TGoo",
    "B018Y229OU"
  ],
  "17954": [
    "Hwild2001",
    "B018Y229OU"
  ],
  "66557": [
    "Derek",
    "B018Y229OU"
  ],
  "4757": [
    "Lupe",
    "B018Y229OU"
  ],
  "32760": [
    "NicoNana",
    "B018Y229OU"
  ],
  "91663": [
    "Magic",
    "B018Y229OU"
  ],
  "71063": [
    "buddy",
    "B018Y229OU"
  ],
  "29863": [
    "Malibumary",
    "B018Y229OU"
  ],
  "26966": [
    "SueAnn",
    "B018Y229OU"
  ],
  "16666": [
    "LeaP",
    "B018Y229OU"
  ],
  "34369": [
    "Jerseymike",
    "B018Y229OU"
  ],
  "93272": [
    "Traci",
    "B018Y229OU"
  ],
  "72672": [
    "Techgeek17",
    "B018Y229OU"
  ],
  "41772": [
    "Louie",
    "B018Y229OU"
  ],
  "31472": [
    "DooDooMPB",
    "B018Y229OU"
  ],
  "21172": [
    "Schmoltz",
    "B018Y229OU"
  ],
  "90375": [
    "richie",
    "B018Y229OU"
  ],
  "80075": [
    "junebug66",
    "B018Y229OU"
  ],
  "59475": [
    "Jaca",
    "B018Y229OU"
  ],
  "49175": [
    "WarEagle1",
    "B018Y229OU"
  ],
  "28575": [
    "bbshopper",
    "B018Y229OU"
  ],
  "77178": [
    "jayjjm60",
    "B018Y229OU"
  ],
  "66878": [
    "eericksen",
    "B018Y229OU"
  ],
  "46278": [
    "Geli",
    "B018Y229OU"
  ],
  "84581": [
    "Flash",
    "B018Y229OU"
  ],
  "53681": [
    "DRock",
    "B018Y229OU"
  ],
  "33081": [
    "Kingpat",
    "B018Y229OU"
  ],
  "22781": [
    "Xstobbi",
    "B018Y229OU"
  ],
  "12481": [
    "shopgirl42",
    "B018Y229OU"
  ],
  "91984": [
    "Boughtformykids",
    "B018Y229OU"
  ],
  "19884": [
    "Stacey",
    "B018Y229OU"
  ],
  "9584": [
    "Drummer86",
    "B018Y229OU"
  ],
  "68487": [
    "Buster1b",
    "B018Y229OU"
  ],
  "55290": [
    "tlowe91",
    "B018Y229OU"
  ],
  "44990": [
    "Baseballnut73",
    "B018Y229OU"
  ],
  "24390": [
    "Cmcclure92",
    "B018Y229OU"
  ],
  "93593": [
    "llbrown89",
    "B018Y229OU"
  ],
  "83293": [
    "ruben",
    "B018Y229OU"
  ],
  "52393": [
    "happy",
    "B018Y229OU"
  ],
  "11193": [
    "Mikeymike",
    "B018Y229OU"
  ],
  "28896": [
    "Baconcheese",
    "B018Y229OU"
  ],
  "18596": [
    "dave",
    "B018Y229OU"
  ],
  "77499": [
    "zcraig7",
    "B018Y229OU"
  ],
  "56899": [
    "Nuna",
    "B018Y229OU"
  ],
  "36299": [
    "Tuck",
    "B018Y229OU"
  ],
  "5399": [
    "jri6006",
    "B018Y229OU"
  ],
  "84902": [
    "Toody",
    "B018Y229OU"
  ],
  "74602": [
    "gc77441",
    "B018Y229OU"
  ],
  "43702": [
    "sunflower",
    "B018Y229OU"
  ],
  "61405": [
    "Mommie",
    "B018Y229OU"
  ],
  "79108": [
    "danababy50",
    "B018Y229OU"
  ],
  "27608": [
    "photodena",
    "B018Y229OU"
  ],
  "76211": [
    "maf1021",
    "B018Y229OU"
  ],
  "24711": [
    "Tommy7999",
    "B018Y229OU"
  ],
  "32114": [
    "montiy",
    "B018Y229OU"
  ],
  "11514": [
    "SamIAm",
    "B018Y229OU"
  ],
  "77820": [
    "jam0509",
    "B018Y229OU"
  ],
  "46920": [
    "JDR60",
    "B018Y229OU"
  ],
  "26320": [
    "itfashionista",
    "B018Y229OU"
  ],
  "16020": [
    "waymo",
    "B018Y229OU"
  ],
  "95523": [
    "rissa922",
    "B018Y229OU"
  ],
  "64623": [
    "jrock99",
    "B018Y229OU"
  ],
  "33723": [
    "Mani",
    "B018Y229OU"
  ],
  "92626": [
    "Amandsa",
    "B018Y229OU"
  ],
  "100029": [
    "WILLIERIVERA",
    "B018Y229OU"
  ],
  "69129": [
    "Audy",
    "B018Y229OU"
  ],
  "27929": [
    "Drea",
    "B018Y229OU"
  ],
  "17629": [
    "Ace33",
    "B018Y229OU"
  ],
  "97132": [
    "Susie",
    "B018Y229OU"
  ],
  "86832": [
    "Lacey",
    "B018Y229OU"
  ],
  "45632": [
    "Lilly",
    "B018Y229OU"
  ],
  "94235": [
    "JellyAndCheese",
    "B018Y229OU"
  ],
  "73635": [
    "Shanya",
    "B018Y229OU"
  ],
  "63335": [
    "kilo",
    "B018Y229OU"
  ],
  "1535": [
    "MzBarts",
    "B018Y229OU"
  ],
  "70738": [
    "Chele",
    "B018Y229OU"
  ],
  "29538": [
    "esolis0088",
    "B018Y229OU"
  ],
  "19238": [
    "melissa",
    "B018Y229OU"
  ],
  "8938": [
    "kevin",
    "B018Y229OU"
  ],
  "88441": [
    "ToyToy",
    "B018Y229OU"
  ],
  "67841": [
    "JayMusicLover",
    "B018Y229OU"
  ],
  "57541": [
    "marinofan",
    "B018Y229OU"
  ],
  "36941": [
    "DMcKay",
    "B018Y229OU"
  ],
  "6041": [
    "Housewarming",
    "B018Y229OU"
  ],
  "85544": [
    "TICO414323",
    "B018Y229OU"
  ],
  "44344": [
    "Babydimp",
    "B018Y229OU"
  ],
  "23744": [
    "mary",
    "B018Y229OU"
  ],
  "13444": [
    "QMLW",
    "B018Y229OU"
  ],
  "62047": [
    "ktran",
    "B018Y229OU"
  ],
  "41447": [
    "BigSpike",
    "B018Y229OU"
  ],
  "10547": [
    "Skippy",
    "B018Y229OU"
  ],
  "247": [
    "rockydon1",
    "B018Y229OU"
  ],
  "69450": [
    "Sueald84",
    "B018Y229OU"
  ],
  "38550": [
    "Grandmother1",
    "B018Y229OU"
  ],
  "28250": [
    "hcj123",
    "B018Y229OU"
  ],
  "97453": [
    "malqueche",
    "B018Y229OU"
  ],
  "25353": [
    "mickey31",
    "B018Y229OU"
  ],
  "15053": [
    "Debi",
    "B018Y229OU"
  ],
  "84256": [
    "Grod",
    "B018Y229OU"
  ],
  "63656": [
    "kaiser71",
    "B018Y229OU"
  ],
  "53356": [
    "Sickofschool",
    "B018Y229OU"
  ],
  "22456": [
    "Dunk72",
    "B018Y229OU"
  ],
  "91659": [
    "1970charger",
    "B018Y229OU"
  ],
  "60759": [
    "lovely",
    "B018Y229OU"
  ],
  "40159": [
    "Koko",
    "B018Y229OU"
  ],
  "29859": [
    "1Customersopinion",
    "B018Y229OU"
  ],
  "57862": [
    "MrSam",
    "B018Y229OU"
  ],
  "26962": [
    "predsfan",
    "B018Y229OU"
  ],
  "65265": [
    "Deejay0623",
    "B018Y229OU"
  ],
  "44665": [
    "jesbcauz",
    "B018Y229OU"
  ],
  "82968": [
    "Cindy",
    "B018Y229OU"
  ],
  "72668": [
    "Juraiquest",
    "B018Y229OU"
  ],
  "52068": [
    "KC0048",
    "B018Y229OU"
  ],
  "41768": [
    "Nicholphil",
    "B018Y229OU"
  ],
  "59471": [
    "Nana",
    "B018Y229OU"
  ],
  "49171": [
    "snoopyanks",
    "B018Y229OU"
  ],
  "38871": [
    "Mouse",
    "B018Y229OU"
  ],
  "97774": [
    "3dmomma",
    "B018Y229OU"
  ],
  "56574": [
    "Piff188",
    "B018Y229OU"
  ],
  "63977": [
    "eahernandez1959",
    "B018Y229OU"
  ],
  "53677": [
    "Lashauwns",
    "B018Y229OU"
  ],
  "43377": [
    "maria",
    "B018Y229OU"
  ],
  "22777": [
    "2nd1",
    "B018Y229OU"
  ],
  "71380": [
    "Roxana",
    "B018Y229OU"
  ],
  "30180": [
    "bighog",
    "B018Y229OU"
  ],
  "9580": [
    "Cubano",
    "B018Y229OU"
  ],
  "99383": [
    "atul",
    "B018Y229OU"
  ],
  "89083": [
    "Jen87",
    "B018Y229OU"
  ],
  "68483": [
    "Zee06",
    "B018Y229OU"
  ],
  "58183": [
    "SFGTWEET",
    "B018Y229OU"
  ],
  "96486": [
    "Nokiauser",
    "B018Y229OU"
  ],
  "65586": [
    "Rantnrate",
    "B018Y229OU"
  ],
  "3786": [
    "Hubb",
    "B018Y229OU"
  ],
  "83289": [
    "chofer222005",
    "B018Y229OU"
  ],
  "62689": [
    "Bayo",
    "B018Y229OU"
  ],
  "52389": [
    "Jags",
    "B018Y229OU"
  ],
  "42089": [
    "Missy",
    "B018Y229OU"
  ],
  "21489": [
    "Akshay",
    "B018Y229OU"
  ],
  "11189": [
    "slickster917",
    "B018Y229OU"
  ],
  "90692": [
    "neolusions",
    "B018Y229OU"
  ],
  "80392": [
    "Baldy",
    "B018Y229OU"
  ],
  "70092": [
    "S74M",
    "B018Y229OU"
  ],
  "39192": [
    "Heavymay1224",
    "B018Y229OU"
  ],
  "77495": [
    "shawty",
    "B018Y229OU"
  ],
  "25995": [
    "Kavi",
    "B018Y229OU"
  ],
  "84898": [
    "Debs",
    "B018Y229OU"
  ],
  "23098": [
    "Maureen",
    "B018Y229OU"
  ],
  "2498": [
    "Kittykarryall",
    "B018Y229OU"
  ],
  "82001": [
    "Namish",
    "B018Y229OU"
  ],
  "40801": [
    "ForMom",
    "B018Y229OU"
  ],
  "99704": [
    "doolynupe",
    "B018Y229OU"
  ],
  "79104": [
    "SMOKEY",
    "B018Y229OU"
  ],
  "27604": [
    "Linn",
    "B018Y229OU"
  ],
  "17304": [
    "Kimmie95",
    "B018Y229OU"
  ],
  "96807": [
    "SpectorGadget1",
    "B018Y229OU"
  ],
  "86507": [
    "Elemurqu",
    "B018Y229OU"
  ],
  "65907": [
    "regularguy",
    "B018Y229OU"
  ],
  "24707": [
    "CHUNKY",
    "B018Y229OU"
  ],
  "14407": [
    "T714",
    "B018Y229OU"
  ],
  "4107": [
    "JoeG",
    "B018Y229OU"
  ],
  "63010": [
    "Bob64",
    "B018Y229OU"
  ],
  "52710": [
    "LoneWolf33",
    "B018Y229OU"
  ],
  "42410": [
    "Piggy",
    "B018Y229OU"
  ],
  "91013": [
    "Ranga",
    "B018Y229OU"
  ],
  "70413": [
    "Steven",
    "B018Y229OU"
  ],
  "60113": [
    "SplackMan",
    "B018Y229OU"
  ],
  "18913": [
    "Tripleccc",
    "B018Y229OU"
  ],
  "77816": [
    "Garfield",
    "B018Y229OU"
  ],
  "46916": [
    "Selwob",
    "B018Y229OU"
  ],
  "26316": [
    "buddski",
    "B018Y229OU"
  ],
  "16016": [
    "Latty",
    "B018Y229OU"
  ],
  "5716": [
    "Didi49",
    "B018Y229OU"
  ],
  "74919": [
    "loverboi",
    "B018Y229OU"
  ],
  "2819": [
    "Urai",
    "B018Y229OU"
  ],
  "41122": [
    "AG1grandma",
    "B018Y229OU"
  ],
  "100025": [
    "NilP",
    "B018Y229OU"
  ],
  "17625": [
    "TripleX22",
    "B018Y229OU"
  ],
  "7325": [
    "Madhu",
    "B018Y229OU"
  ],
  "86828": [
    "chardel",
    "B018Y229OU"
  ],
  "76528": [
    "dlnunu",
    "B018Y229OU"
  ],
  "25028": [
    "atg88",
    "B018Y229OU"
  ],
  "73631": [
    "buzzk",
    "B018Y229OU"
  ],
  "63331": [
    "AlyO",
    "B018Y229OU"
  ],
  "42731": [
    "Battlecruiser",
    "B018Y229OU"
  ],
  "22131": [
    "1234",
    "B018Y229OU"
  ],
  "11831": [
    "cheysmom",
    "B018Y229OU"
  ],
  "70734": [
    "MomofThree",
    "B018Y229OU"
  ],
  "60434": [
    "SlipperyTex",
    "B018Y229OU"
  ],
  "29534": [
    "Daloper",
    "B018Y229OU"
  ],
  "19234": [
    "Marr",
    "B018Y229OU"
  ],
  "98737": [
    "Maaz",
    "B018Y229OU"
  ],
  "67837": [
    "Pat1919",
    "B018Y229OU"
  ],
  "57537": [
    "Maggieclass",
    "B018Y229OU"
  ],
  "26637": [
    "Smartchic",
    "B018Y229OU"
  ],
  "6037": [
    "Tara",
    "B018Y229OU"
  ],
  "85540": [
    "ray1",
    "B018Y229OU"
  ],
  "75240": [
    "Lillielechat",
    "B018Y229OU"
  ],
  "54640": [
    "fitty",
    "B018Y229OU"
  ],
  "34040": [
    "Review",
    "B018Y229OU"
  ],
  "23740": [
    "Ander",
    "B018Y229OU"
  ],
  "3140": [
    "Valiron",
    "B018Y229OU"
  ],
  "82643": [
    "carlos",
    "B018Y229OU"
  ],
  "72343": [
    "cindy",
    "B018Y229OU"
  ],
  "62043": [
    "joker75",
    "B018Y229OU"
  ],
  "51743": [
    "Rlippe",
    "B018Y229OU"
  ],
  "41443": [
    "nettekay",
    "B018Y229OU"
  ],
  "48846": [
    "Valentina",
    "B018Y229OU"
  ],
  "87149": [
    "Reeree",
    "B018Y229OU"
  ],
  "56249": [
    "kick89",
    "B018Y229OU"
  ],
  "4749": [
    "Yahaira7",
    "B018Y229OU"
  ],
  "94552": [
    "raulsarria",
    "B018Y229OU"
  ],
  "43052": [
    "Mceee",
    "B018Y229OU"
  ],
  "22452": [
    "Bauer",
    "B018Y229OU"
  ],
  "12152": [
    "Harris118",
    "B018Y229OU"
  ],
  "81355": [
    "mykids123",
    "B018Y229OU"
  ],
  "71055": [
    "Ceecee80",
    "B018Y229OU"
  ],
  "29855": [
    "Joshito",
    "B018Y229OU"
  ],
  "19555": [
    "Twhite",
    "B018Y229OU"
  ],
  "37258": [
    "yroc",
    "B018Y229OU"
  ],
  "16658": [
    "Jaye",
    "B018Y229OU"
  ],
  "24061": [
    "suman",
    "B018Y229OU"
  ],
  "93264": [
    "lginlock817",
    "B018Y229OU"
  ],
  "52064": [
    "Christmas",
    "B018Y229OU"
  ],
  "564": [
    "Fishfry",
    "B018Y229OU"
  ],
  "90367": [
    "Finemofo811",
    "B018Y229OU"
  ],
  "69767": [
    "sharmin",
    "B018Y229OU"
  ],
  "49167": [
    "Liddy",
    "B018Y229OU"
  ],
  "38867": [
    "Rowdyf90",
    "B018Y229OU"
  ],
  "97770": [
    "Jedi",
    "B018Y229OU"
  ],
  "87470": [
    "Rentz",
    "B018Y229OU"
  ],
  "77170": [
    "Dnelson",
    "B018Y229OU"
  ],
  "15370": [
    "Kate",
    "B018Y229OU"
  ],
  "5070": [
    "Misius",
    "B018Y229OU"
  ],
  "94873": [
    "JoeyD",
    "B018Y229OU"
  ],
  "81676": [
    "btillz",
    "B018Y229OU"
  ],
  "89079": [
    "Candy",
    "B018Y229OU"
  ],
  "78779": [
    "dclawson24vols",
    "B018Y229OU"
  ],
  "58179": [
    "Kken",
    "B018Y229OU"
  ],
  "37579": [
    "Mickyfinn",
    "B018Y229OU"
  ],
  "16979": [
    "Reyes",
    "B018Y229OU"
  ],
  "96482": [
    "Nessa",
    "B018Y229OU"
  ],
  "44982": [
    "macdaddy",
    "B018Y229OU"
  ],
  "93585": [
    "Menmykiddos",
    "B018Y229OU"
  ],
  "62685": [
    "tom4965",
    "B018Y229OU"
  ],
  "42085": [
    "Phillieb585",
    "B018Y229OU"
  ],
  "21485": [
    "Tink",
    "B018Y229OU"
  ],
  "70088": [
    "Mommyof4",
    "B018Y229OU"
  ],
  "39188": [
    "Cherokeeslick",
    "B018Y229OU"
  ],
  "8288": [
    "Cg65",
    "B018Y229OU"
  ],
  "77491": [
    "MzP2",
    "B018Y229OU"
  ],
  "5391": [
    "kwax",
    "B018Y229OU"
  ],
  "23094": [
    "klewis121062",
    "B018Y229OU"
  ],
  "2494": [
    "UpMom",
    "B018Y229OU"
  ],
  "71697": [
    "Lizzy",
    "B018Y229OU"
  ],
  "51097": [
    "bestbuybuddy",
    "B018Y229OU"
  ],
  "40797": [
    "Scootchy",
    "B018Y229OU"
  ],
  "99700": [
    "Sandlill",
    "B018Y229OU"
  ],
  "89400": [
    "Talisha",
    "B018Y229OU"
  ],
  "79100": [
    "Vipul",
    "B018Y229OU"
  ],
  "68800": [
    "Kristina",
    "B018Y229OU"
  ],
  "58500": [
    "Stinkfish",
    "B018Y229OU"
  ],
  "37900": [
    "Marquis",
    "B018Y229OU"
  ],
  "17300": [
    "Djguy",
    "B018Y229OU"
  ],
  "86503": [
    "Kiker",
    "B018Y229OU"
  ],
  "65903": [
    "bigt",
    "B018Y229OU"
  ],
  "45303": [
    "Coma",
    "B018Y229OU"
  ],
  "35003": [
    "Smiley",
    "B018Y229OU"
  ],
  "14403": [
    "doglover",
    "B018Y229OU"
  ],
  "63006": [
    "RodG",
    "B018Y229OU"
  ],
  "52706": [
    "Babylisa9981",
    "B018Y229OU"
  ],
  "80709": [
    "Suzy",
    "B018Y229OU"
  ],
  "49809": [
    "Sensei",
    "B018Y229OU"
  ],
  "39509": [
    "ultranero",
    "B018Y229OU"
  ],
  "98412": [
    "Chicken",
    "B018Y229OU"
  ],
  "26312": [
    "stat13rn",
    "B018Y229OU"
  ],
  "5712": [
    "MsChay",
    "B018Y229OU"
  ],
  "74915": [
    "Coop14",
    "B018Y229OU"
  ],
  "64615": [
    "abisa07",
    "B018Y229OU"
  ],
  "54315": [
    "nymir",
    "B018Y229OU"
  ],
  "44015": [
    "Lovebug",
    "B018Y229OU"
  ],
  "33715": [
    "cryoperson",
    "B018Y229OU"
  ],
  "2815": [
    "Harley",
    "B018Y229OU"
  ],
  "82318": [
    "BUMBLEBEE",
    "B018Y229OU"
  ],
  "72018": [
    "noni",
    "B018Y229OU"
  ],
  "10218": [
    "Sam2017",
    "B018Y229OU"
  ],
  "100021": [
    "cowboysfan91",
    "B018Y229OU"
  ],
  "69121": [
    "frank",
    "B018Y229OU"
  ],
  "58821": [
    "JPace",
    "B018Y229OU"
  ],
  "48521": [
    "Tim13",
    "B018Y229OU"
  ],
  "38221": [
    "Trav",
    "B018Y229OU"
  ],
  "17621": [
    "Mandy",
    "B018Y229OU"
  ],
  "86824": [
    "Wizpiff88",
    "B018Y229OU"
  ],
  "55924": [
    "EZE322",
    "B018Y229OU"
  ],
  "25024": [
    "goodwill",
    "B018Y229OU"
  ],
  "4424": [
    "Ilovemusic",
    "B018Y229OU"
  ],
  "73627": [
    "Notffilc",
    "B018Y229OU"
  ],
  "32427": [
    "Jaymoma37",
    "B018Y229OU"
  ],
  "22127": [
    "Omega2016",
    "B018Y229OU"
  ],
  "11827": [
    "Hunter",
    "B018Y229OU"
  ],
  "81030": [
    "Mumof5",
    "B018Y229OU"
  ],
  "60430": [
    "jacks85",
    "B018Y229OU"
  ],
  "50130": [
    "catlover35",
    "B018Y229OU"
  ],
  "98733": [
    "Burton",
    "B018Y229OU"
  ],
  "47233": [
    "Beazer",
    "B018Y229OU"
  ],
  "36933": [
    "Jose91304",
    "B018Y229OU"
  ],
  "95836": [
    "Sandeep",
    "B018Y229OU"
  ],
  "54636": [
    "itunescardpurchase",
    "B018Y229OU"
  ],
  "44336": [
    "sunshine",
    "B018Y229OU"
  ],
  "62039": [
    "macadana",
    "B018Y229OU"
  ],
  "41439": [
    "JoeWhite149",
    "B018Y229OU"
  ],
  "10539": [
    "overo",
    "B018Y229OU"
  ],
  "69442": [
    "Marlo",
    "B018Y229OU"
  ],
  "48842": [
    "RickF",
    "B018Y229OU"
  ],
  "28242": [
    "Jaysteward",
    "B018Y229OU"
  ],
  "97445": [
    "Makoman",
    "B018Y229OU"
  ],
  "87145": [
    "techman7",
    "B018Y229OU"
  ],
  "66545": [
    "Bluetooth",
    "B018Y229OU"
  ],
  "35645": [
    "WildBill68",
    "B018Y229OU"
  ],
  "15045": [
    "Shea",
    "B018Y229OU"
  ],
  "4745": [
    "bert",
    "B018Y229OU"
  ],
  "94548": [
    "Queenlibra143",
    "B018Y229OU"
  ],
  "73948": [
    "Roro311",
    "B018Y229OU"
  ],
  "32748": [
    "Jazz",
    "B018Y229OU"
  ],
  "12148": [
    "Chassy1",
    "B018Y229OU"
  ],
  "1848": [
    "alabamaroberts",
    "B018Y229OU"
  ],
  "81351": [
    "scoob",
    "B018Y229OU"
  ],
  "71051": [
    "tillfam04",
    "B018Y229OU"
  ],
  "50451": [
    "Chandler16",
    "B018Y229OU"
  ],
  "40151": [
    "Booby",
    "B018Y229OU"
  ],
  "16654": [
    "Kels",
    "B018Y229OU"
  ],
  "6354": [
    "NicoleR",
    "B018Y229OU"
  ],
  "44657": [
    "Colosus",
    "B018Y229OU"
  ],
  "34357": [
    "Iceman",
    "B018Y229OU"
  ],
  "24057": [
    "Char",
    "B018Y229OU"
  ],
  "3457": [
    "Ligieta",
    "B018Y229OU"
  ],
  "41760": [
    "MyBB",
    "B018Y229OU"
  ],
  "31460": [
    "jwilly",
    "B018Y229OU"
  ],
  "10860": [
    "Tport",
    "B018Y229OU"
  ],
  "69763": [
    "Rickybobby1031",
    "B018Y229OU"
  ],
  "28563": [
    "Jamy",
    "B018Y229OU"
  ],
  "7963": [
    "Helen",
    "B018Y229OU"
  ],
  "87466": [
    "Lavender14",
    "B018Y229OU"
  ],
  "25666": [
    "nickname",
    "B018Y229OU"
  ],
  "53669": [
    "Sandrak",
    "B018Y229OU"
  ],
  "43369": [
    "Plum",
    "B018Y229OU"
  ],
  "22769": [
    "KGMan88",
    "B018Y229OU"
  ],
  "71372": [
    "Irma",
    "B018Y229OU"
  ],
  "61072": [
    "MeMa",
    "B018Y229OU"
  ],
  "50772": [
    "Dwaniac",
    "B018Y229OU"
  ],
  "99375": [
    "lovinit2",
    "B018Y229OU"
  ],
  "16975": [
    "Cole",
    "B018Y229OU"
  ],
  "55278": [
    "cvhogan",
    "B018Y229OU"
  ],
  "34678": [
    "Kgautam",
    "B018Y229OU"
  ],
  "62681": [
    "Bill",
    "B018Y229OU"
  ],
  "70084": [
    "Marine1976",
    "B018Y229OU"
  ],
  "59784": [
    "Razz",
    "B018Y229OU"
  ],
  "87787": [
    "SBro",
    "B018Y229OU"
  ],
  "67187": [
    "Jman",
    "B018Y229OU"
  ],
  "64290": [
    "Vern",
    "B018Y229OU"
  ],
  "33390": [
    "Marco",
    "B018Y229OU"
  ],
  "12790": [
    "Rasajamo",
    "B018Y229OU"
  ],
  "92293": [
    "Burstin2shames",
    "B018Y229OU"
  ],
  "20193": [
    "shopper13",
    "B018Y229OU"
  ],
  "99696": [
    "jjpm",
    "B018Y229OU"
  ],
  "68796": [
    "Johnny",
    "B018Y229OU"
  ],
  "58496": [
    "Jim54",
    "B018Y229OU"
  ],
  "37896": [
    "Lena",
    "B018Y229OU"
  ],
  "96799": [
    "Anita32",
    "B018Y229OU"
  ],
  "76199": [
    "Pipe",
    "B018Y229OU"
  ],
  "65899": [
    "Peaches1",
    "B018Y229OU"
  ],
  "24699": [
    "Dante0905",
    "B018Y229OU"
  ],
  "93902": [
    "BigCountry1",
    "B018Y229OU"
  ],
  "63002": [
    "daja",
    "B018Y229OU"
  ],
  "60105": [
    "Jchcjd",
    "B018Y229OU"
  ],
  "88108": [
    "Onecimo",
    "B018Y229OU"
  ],
  "77808": [
    "5465Rebel",
    "B018Y229OU"
  ],
  "57208": [
    "Shep",
    "B018Y229OU"
  ],
  "46908": [
    "Gullythebeast1",
    "B018Y229OU"
  ],
  "26308": [
    "John007",
    "B018Y229OU"
  ],
  "5708": [
    "JayR",
    "B018Y229OU"
  ],
  "95511": [
    "Vlk18",
    "B018Y229OU"
  ],
  "64611": [
    "Gymrat",
    "B018Y229OU"
  ],
  "44011": [
    "Dconnors",
    "B018Y229OU"
  ],
  "33711": [
    "Mammie",
    "B018Y229OU"
  ],
  "13111": [
    "Cz40",
    "B018Y229OU"
  ],
  "2811": [
    "Teeci",
    "B018Y229OU"
  ],
  "92614": [
    "Rory837",
    "B018Y229OU"
  ],
  "30814": [
    "ThatGuy",
    "B018Y229OU"
  ],
  "20514": [
    "BossChi",
    "B018Y229OU"
  ],
  "10214": [
    "Kaykay",
    "B018Y229OU"
  ],
  "100017": [
    "Pbwhitlow",
    "B018Y229OU"
  ],
  "86820": [
    "Milkman22",
    "B018Y229OU"
  ],
  "45620": [
    "kingof804",
    "B018Y229OU"
  ],
  "14720": [
    "Alyssa",
    "B018Y229OU"
  ],
  "53023": [
    "TeachersEyewitnessNews",
    "B018Y229OU"
  ],
  "1523": [
    "Oneandlonely",
    "B018Y229OU"
  ],
  "81026": [
    "Rjbjr",
    "B018Y229OU"
  ],
  "50126": [
    "tskraus",
    "B018Y229OU"
  ],
  "8926": [
    "elyce",
    "B018Y229OU"
  ],
  "47229": [
    "ness",
    "B018Y229OU"
  ]
}