review id,review title,review text,review rating,review do_recommend,review num_helpful,review date
10101,A charger,It seems to work just like any other usb plug in charger.,5,True,0,2017-01-02
99904,amazon power fast usb charger,got this for my kindle 7 tablet . Does an excellent job charging the kindle fire 7 a lot faster than the one it came with the kindle fire,5,True,2,2016-06-03
89604,Amazon powerfast wall charger,Best kindle charger ever. Took 30 minutes to being my kindle back to life.,5,True,0,2016-11-21
58704,correct plug for kindle,Quickly charges kindle so son can use it. Worked great right out of the package,5,True,0,2016-10-14
38104,Fast Charger,Bought this charger for the Kindle voyage and its great.,5,True,0,2016-09-30
