{
  "29602": [
    "Amys",
    "B018Y229OU"
  ],
  "2562": [
    "Toni6621",
    "B018Y229OU"
  ],
  "73695": [
    "DaveyG",
    "B018Y229OU"
  ],
  "63395": [
    "Tablet",
    "B018Y229OU"
  ],
  "55025": [
    "BillyV",
    "B018Y229OU"
  ],
  "100085": [
    "faysal",
    "B018Y229OU"
  ],
  "54700": [
    "Flynn",
    "B018Y229OU"
  ],
  "32487": [
    "Myra",
    "B018Y229OU"
  ],
  "63062": [
    "Moe1",
    "B018Y229OU"
  ],
  "51474": [
    "EMC2",
    "B018Y229OU"
  ],
  "25401": [
    "Brody16",
    "B018Y229OU"
  ],
  "25722": [
    "aimz",
    "B018Y229OU"
  ],
  "25397": [
    "Sunny",
    "B018Y229OU"
  ],
  "71424": [
    "Kdhar",
    "B018Y229OU"
  ],
  "75930": [
    "Telecommando",
    "B018Y229OU"
  ],
  "63054": [
    "Woody",
    "B018Y229OU"
  ],
  "39878": [
    "DarrenD",
    "B018Y229OU"
  ],
  "81070": [
    "none",
    "B018Y229OU"
  ],
  "50170": [
    "Raza",
    "B018Y229OU"
  ],
  "57573": [
    "Josephapple",
    "B018Y229OU"
  ],
  "56606": [
    "Tj190",
    "B018Y229OU"
  ]
}