{
  "46663": [
    "Dmh1589",
    "B018Y229OU"
  ],
  "30569": [
    "lorphe",
    "B018Y229OU"
  ],
  "37972": [
    "ty24",
    "B018Y229OU"
  ],
  "24775": [
    "kabob",
    "B018Y229OU"
  ],
  "52778": [
    "GRWR",
    "B018Y229OU"
  ],
  "42478": [
    "Neeraj",
    "B018Y229OU"
  ],
  "32178": [
    "rojo",
    "B018Y229OU"
  ],
  "8681": [
    "BrandonT",
    "B018Y229OU"
  ],
  "74987": [
    "Tatooine65",
    "B018Y229OU"
  ],
  "13187": [
    "Drummer",
    "B018Y229OU"
  ],
  "100093": [
    "Missh",
    "B018Y229OU"
  ],
  "48593": [
    "ConnorMacLeod",
    "B018Y229OU"
  ],
  "17693": [
    "PaMaNi",
    "B018Y229OU"
  ],
  "97196": [
    "Kelly",
    "B018Y229OU"
  ],
  "60502": [
    "DenisetheOT",
    "B018Y229OU"
  ],
  "19302": [
    "Shiva",
    "B018Y229OU"
  ],
  "88505": [
    "Tbrown",
    "B018Y229OU"
  ],
  "78205": [
    "JASP",
    "B018Y229OU"
  ],
  "16405": [
    "Wilson5",
    "B018Y229OU"
  ],
  "34108": [
    "James",
    "B018Y229OU"
  ],
  "3208": [
    "Troublemaker",
    "B018Y229OU"
  ],
  "72411": [
    "JayZ22",
    "B018Y229OU"
  ],
  "90114": [
    "NEETSWORLD11",
    "B018Y229OU"
  ],
  "48914": [
    "AnnaM",
    "B018Y229OU"
  ],
  "28314": [
    "Alo73",
    "B018Y229OU"
  ],
  "32820": [
    "Good",
    "B018Y229OU"
  ],
  "12220": [
    "sher",
    "B018Y229OU"
  ],
  "19623": [
    "Tracy",
    "B018Y229OU"
  ],
  "6426": [
    "Mrtj",
    "B018Y229OU"
  ],
  "85929": [
    "Lisa",
    "B018Y229OU"
  ],
  "75629": [
    "Sokey",
    "B018Y229OU"
  ],
  "83032": [
    "kiddx",
    "B018Y229OU"
  ],
  "62432": [
    "BBMO",
    "B018Y229OU"
  ],
  "5138": [
    "madsambritt",
    "B018Y229OU"
  ],
  "84641": [
    "zabintenn",
    "B018Y229OU"
  ],
  "12541": [
    "Lmap",
    "B018Y229OU"
  ],
  "71444": [
    "Falcon2685",
    "B018Y229OU"
  ],
  "99447": [
    "studman71",
    "B018Y229OU"
  ],
  "68547": [
    "Meena20",
    "B018Y229OU"
  ],
  "47947": [
    "craigin",
    "B018Y229OU"
  ],
  "17047": [
    "jlam61084",
    "B018Y229OU"
  ],
  "34750": [
    "Williams519",
    "B018Y229OU"
  ],
  "24450": [
    "can3210",
    "B018Y229OU"
  ],
  "18656": [
    "mrgarcia",
    "B018Y229OU"
  ],
  "64362": [
    "pachavez2",
    "B018Y229OU"
  ],
  "12862": [
    "Snickers",
    "B018Y229OU"
  ],
  "30565": [
    "Id4pizzo",
    "B018Y229OU"
  ],
  "99768": [
    "AlexG",
    "B018Y229OU"
  ],
  "55671": [
    "Brian",
    "B018Y229OU"
  ],
  "24771": [
    "Joseph",
    "B018Y229OU"
  ],
  "73374": [
    "SuperNaw1",
    "B018Y229OU"
  ],
  "52774": [
    "Burns",
    "B018Y229OU"
  ],
  "21874": [
    "mspittman",
    "B018Y229OU"
  ],
  "11574": [
    "Traciw16",
    "B018Y229OU"
  ],
  "80777": [
    "Jvilla24",
    "B018Y229OU"
  ],
  "13183": [
    "Billy",
    "B018Y229OU"
  ],
  "82386": [
    "Betty",
    "B018Y229OU"
  ],
  "89789": [
    "gcumember",
    "B018Y229OU"
  ],
  "79489": [
    "NaVant",
    "B018Y229OU"
  ],
  "69189": [
    "Dlrkar2013",
    "B018Y229OU"
  ],
  "58889": [
    "Techfam",
    "B018Y229OU"
  ],
  "19298": [
    "TJOrange",
    "B018Y229OU"
  ],
  "8998": [
    "Prtykitty75",
    "B018Y229OU"
  ],
  "13504": [
    "Herbar",
    "B018Y229OU"
  ],
  "35713": [
    "Duel33",
    "B018Y229OU"
  ],
  "94616": [
    "Sparky",
    "B018Y229OU"
  ],
  "63716": [
    "Autism",
    "B018Y229OU"
  ],
  "65325": [
    "tinytuxedo",
    "B018Y229OU"
  ],
  "90431": [
    "SomeGuy",
    "B018Y229OU"
  ],
  "97834": [
    "Rep1647",
    "B018Y229OU"
  ],
  "46334": [
    "Josasfire",
    "B018Y229OU"
  ],
  "36034": [
    "Superman0814",
    "B018Y229OU"
  ],
  "12537": [
    "AMG2",
    "B018Y229OU"
  ],
  "47943": [
    "wahoo",
    "B018Y229OU"
  ],
  "96546": [
    "Poolman",
    "B018Y229OU"
  ],
  "75946": [
    "Bedo281",
    "B018Y229OU"
  ],
  "11249": [
    "Worthav",
    "B018Y229OU"
  ],
  "949": [
    "Bigdaddy",
    "B018Y229OU"
  ],
  "67255": [
    "Tinat514",
    "B018Y229OU"
  ],
  "15755": [
    "gdseric",
    "B018Y229OU"
  ],
  "64358": [
    "uncleblue",
    "B018Y229OU"
  ],
  "12858": [
    "pearlywhites36",
    "B018Y229OU"
  ],
  "71761": [
    "sancyn",
    "B018Y229OU"
  ],
  "37964": [
    "Gary",
    "B018Y229OU"
  ],
  "27664": [
    "theonlyrealmj",
    "B018Y229OU"
  ],
  "80773": [
    "ssbu",
    "B018Y229OU"
  ],
  "88176": [
    "ELL75092",
    "B018Y229OU"
  ],
  "17685": [
    "Judy",
    "B018Y229OU"
  ],
  "97188": [
    "Ives",
    "B018Y229OU"
  ],
  "14788": [
    "HEIDI",
    "B018Y229OU"
  ],
  "32491": [
    "bwnjr",
    "B018Y229OU"
  ],
  "23800": [
    "Rio777",
    "B018Y229OU"
  ],
  "93003": [
    "Skierlv",
    "B018Y229OU"
  ],
  "59206": [
    "Lizard",
    "B018Y229OU"
  ],
  "32812": [
    "Gdavison",
    "B018Y229OU"
  ],
  "47618": [
    "RhianaH",
    "B018Y229OU"
  ],
  "31524": [
    "kevin1010",
    "B018Y229OU"
  ],
  "624": [
    "Laoh",
    "B018Y229OU"
  ],
  "90427": [
    "Phonepurchaser",
    "B018Y229OU"
  ],
  "5130": [
    "Denisr",
    "B018Y229OU"
  ],
  "22833": [
    "micheleb29",
    "B018Y229OU"
  ],
  "47939": [
    "rosco",
    "B018Y229OU"
  ],
  "27339": [
    "pops",
    "B018Y229OU"
  ],
  "14142": [
    "Dyates0801",
    "B018Y229OU"
  ],
  "87851": [
    "phillitc",
    "B018Y229OU"
  ],
  "56951": [
    "Maddog",
    "B018Y229OU"
  ],
  "15751": [
    "RAM123",
    "B018Y229OU"
  ],
  "51157": [
    "Drwills1",
    "B018Y229OU"
  ],
  "37960": [
    "RJCHM",
    "B018Y229OU"
  ],
  "52766": [
    "SanantonioEd",
    "B018Y229OU"
  ],
  "32166": [
    "Jocko",
    "B018Y229OU"
  ],
  "98472": [
    "Mikiry",
    "B018Y229OU"
  ],
  "67572": [
    "Bflochaz",
    "B018Y229OU"
  ],
  "46972": [
    "will21",
    "B018Y229OU"
  ],
  "13175": [
    "candyman073",
    "B018Y229OU"
  ],
  "2875": [
    "Riverfork",
    "B018Y229OU"
  ],
  "92678": [
    "ManlyMan",
    "B018Y229OU"
  ],
  "10278": [
    "EX776",
    "B018Y229OU"
  ],
  "38281": [
    "Whovian",
    "B018Y229OU"
  ],
  "45684": [
    "lowe",
    "B018Y229OU"
  ],
  "14784": [
    "Tween",
    "B018Y229OU"
  ],
  "1587": [
    "Bears702",
    "B018Y229OU"
  ],
  "19290": [
    "miotab",
    "B018Y229OU"
  ],
  "8990": [
    "MikeT",
    "B018Y229OU"
  ],
  "18002": [
    "Bestbuymember",
    "B018Y229OU"
  ],
  "25405": [
    "MikeG",
    "B018Y229OU"
  ],
  "15105": [
    "Chitty",
    "B018Y229OU"
  ],
  "84308": [
    "Doug1985",
    "B018Y229OU"
  ],
  "43108": [
    "cplcombat",
    "B018Y229OU"
  ],
  "22508": [
    "Benji",
    "B018Y229OU"
  ],
  "50511": [
    "easyeddie44",
    "B018Y229OU"
  ],
  "40211": [
    "Beee",
    "B018Y229OU"
  ],
  "99114": [
    "Tawaunad",
    "B018Y229OU"
  ],
  "57914": [
    "Noreen",
    "B018Y229OU"
  ],
  "13817": [
    "Fyrenug",
    "B018Y229OU"
  ],
  "52120": [
    "waggem25",
    "B018Y229OU"
  ],
  "49223": [
    "Eliza",
    "B018Y229OU"
  ],
  "36026": [
    "vickie",
    "B018Y229OU"
  ],
  "5126": [
    "Quitos",
    "B018Y229OU"
  ],
  "92032": [
    "sturmrl",
    "B018Y229OU"
  ],
  "71432": [
    "Zimm",
    "B018Y229OU"
  ],
  "58235": [
    "Mongs",
    "B018Y229OU"
  ],
  "14138": [
    "javajenny2k",
    "B018Y229OU"
  ],
  "77547": [
    "Brianschultz1",
    "B018Y229OU"
  ],
  "56947": [
    "alanb4130",
    "B018Y229OU"
  ],
  "36347": [
    "Bryant612",
    "B018Y229OU"
  ],
  "35059": [
    "Eolas5495",
    "B018Y229OU"
  ],
  "14459": [
    "MrTee",
    "B018Y229OU"
  ],
  "52762": [
    "cjnsjn",
    "B018Y229OU"
  ],
  "61774": [
    "Horsediva",
    "B018Y229OU"
  ],
  "100077": [
    "Gretchen",
    "B018Y229OU"
  ],
  "89777": [
    "Gmcclen",
    "B018Y229OU"
  ],
  "79477": [
    "Bala",
    "B018Y229OU"
  ],
  "17677": [
    "Spike",
    "B018Y229OU"
  ],
  "4480": [
    "Nehsh",
    "B018Y229OU"
  ],
  "94283": [
    "Mommy1",
    "B018Y229OU"
  ],
  "42783": [
    "Nette",
    "B018Y229OU"
  ],
  "19286": [
    "Lacy",
    "B018Y229OU"
  ],
  "47289": [
    "Hermcat",
    "B018Y229OU"
  ],
  "95892": [
    "ryan",
    "B018Y229OU"
  ],
  "85592": [
    "sportychris",
    "B018Y229OU"
  ],
  "23792": [
    "shahshab",
    "B018Y229OU"
  ],
  "48898": [
    "Alana",
    "B018Y229OU"
  ],
  "4801": [
    "Tiny",
    "B018Y229OU"
  ],
  "74004": [
    "Crez",
    "B018Y229OU"
  ],
  "37310": [
    "Whyme",
    "B018Y229OU"
  ],
  "27010": [
    "clipper",
    "B018Y229OU"
  ],
  "96213": [
    "Luwiev",
    "B018Y229OU"
  ],
  "65313": [
    "Cint62",
    "B018Y229OU"
  ],
  "13813": [
    "flyinmedic",
    "B018Y229OU"
  ],
  "56622": [
    "Thang",
    "B018Y229OU"
  ],
  "43425": [
    "rich",
    "B018Y229OU"
  ],
  "50828": [
    "Ralph",
    "B018Y229OU"
  ],
  "40528": [
    "Lula",
    "B018Y229OU"
  ],
  "9628": [
    "SweetheartAsia",
    "B018Y229OU"
  ],
  "99431": [
    "Hifli",
    "B018Y229OU"
  ],
  "68531": [
    "Mattsage17",
    "B018Y229OU"
  ],
  "65634": [
    "busyworking247",
    "B018Y229OU"
  ],
  "18640": [
    "Leo1",
    "B018Y229OU"
  ],
  "67243": [
    "AM66",
    "B018Y229OU"
  ],
  "80761": [
    "Classy",
    "B018Y229OU"
  ],
  "29261": [
    "Canapelingo",
    "B018Y229OU"
  ],
  "64667": [
    "Danu",
    "B018Y229OU"
  ],
  "97176": [
    "Krystianbyny",
    "B018Y229OU"
  ],
  "25076": [
    "Maximus81",
    "B018Y229OU"
  ],
  "94279": [
    "Buyer",
    "B018Y229OU"
  ],
  "73679": [
    "gr8mp",
    "B018Y229OU"
  ],
  "22179": [
    "tlong",
    "B018Y229OU"
  ],
  "78185": [
    "scsd",
    "B018Y229OU"
  ],
  "47285": [
    "Dbasi",
    "B018Y229OU"
  ],
  "69494": [
    "Bkimberly",
    "B018Y229OU"
  ],
  "97497": [
    "Jdbuck4",
    "B018Y229OU"
  ],
  "43100": [
    "Scorpion",
    "B018Y229OU"
  ],
  "57906": [
    "Beth",
    "B018Y229OU"
  ],
  "77218": [
    "joyjoy",
    "B018Y229OU"
  ],
  "36018": [
    "Naenae",
    "B018Y229OU"
  ],
  "94921": [
    "ncaa380",
    "B018Y229OU"
  ],
  "99427": [
    "simplychan",
    "B018Y229OU"
  ],
  "12842": [
    "GeneralDeath2U",
    "B018Y229OU"
  ],
  "40845": [
    "Hank",
    "B018Y229OU"
  ],
  "86551": [
    "Llb825",
    "B018Y229OU"
  ],
  "76251": [
    "Korn",
    "B018Y229OU"
  ],
  "42454": [
    "LUCKYMEN",
    "B018Y229OU"
  ],
  "23463": [
    "Princesha",
    "B018Y229OU"
  ],
  "92666": [
    "Giftforgrandson",
    "B018Y229OU"
  ],
  "94275": [
    "Nabil",
    "B018Y229OU"
  ],
  "73675": [
    "Sassy",
    "B018Y229OU"
  ],
  "81078": [
    "SilverMulletExpress",
    "B018Y229OU"
  ],
  "70778": [
    "jumpstart",
    "B018Y229OU"
  ],
  "23784": [
    "Grandchildren",
    "B018Y229OU"
  ],
  "82687": [
    "Atled",
    "B018Y229OU"
  ],
  "79790": [
    "Nanak",
    "B018Y229OU"
  ],
  "48890": [
    "zarm7",
    "B018Y229OU"
  ],
  "84296": [
    "fan46",
    "B018Y229OU"
  ],
  "43096": [
    "susn",
    "B018Y229OU"
  ],
  "13805": [
    "Dragons",
    "B018Y229OU"
  ],
  "72708": [
    "Trs90",
    "B018Y229OU"
  ],
  "97814": [
    "Vanessa",
    "B018Y229OU"
  ],
  "66914": [
    "M3girls",
    "B018Y229OU"
  ],
  "43417": [
    "Gift",
    "B018Y229OU"
  ],
  "92020": [
    "DoubleDekker",
    "B018Y229OU"
  ],
  "81720": [
    "bulldogfan",
    "B018Y229OU"
  ],
  "6723": [
    "robby44",
    "B018Y229OU"
  ],
  "93629": [
    "BanjoLady",
    "B018Y229OU"
  ],
  "83329": [
    "sprite",
    "B018Y229OU"
  ],
  "87835": [
    "MinecraftSweeper",
    "B018Y229OU"
  ],
  "67235": [
    "Jacky",
    "B018Y229OU"
  ],
  "56935": [
    "Allycat",
    "B018Y229OU"
  ],
  "95238": [
    "Pika",
    "B018Y229OU"
  ],
  "2538": [
    "birdsonabat",
    "B018Y229OU"
  ],
  "82041": [
    "murad",
    "B018Y229OU"
  ],
  "20241": [
    "ShannonG3160",
    "B018Y229OU"
  ],
  "48244": [
    "PaulC",
    "B018Y229OU"
  ],
  "14447": [
    "KING",
    "B018Y229OU"
  ],
  "80753": [
    "Hrd2stp",
    "B018Y229OU"
  ],
  "23459": [
    "vish",
    "B018Y229OU"
  ],
  "13159": [
    "bendeho",
    "B018Y229OU"
  ],
  "27965": [
    "FMOM",
    "B018Y229OU"
  ],
  "35368": [
    "bsterrn",
    "B018Y229OU"
  ],
  "94271": [
    "Madiddy",
    "B018Y229OU"
  ],
  "22171": [
    "TechLou",
    "B018Y229OU"
  ],
  "50174": [
    "Dalot",
    "B018Y229OU"
  ],
  "36977": [
    "jjljc",
    "B018Y229OU"
  ],
  "34080": [
    "Binkie",
    "B018Y229OU"
  ],
  "3180": [
    "Momofthree",
    "B018Y229OU"
  ],
  "12192": [
    "trainerj59",
    "B018Y229OU"
  ],
  "47598": [
    "Ragv",
    "B018Y229OU"
  ],
  "38907": [
    "Funk",
    "B018Y229OU"
  ],
  "46310": [
    "Suesue",
    "B018Y229OU"
  ],
  "74313": [
    "Dennis",
    "B018Y229OU"
  ],
  "19916": [
    "Mtad",
    "B018Y229OU"
  ],
  "9616": [
    "Patsy",
    "B018Y229OU"
  ],
  "27319": [
    "Kenneth5234",
    "B018Y229OU"
  ],
  "80428": [
    "GaryB",
    "B018Y229OU"
  ],
  "70128": [
    "magic6980",
    "B018Y229OU"
  ],
  "67231": [
    "gmm9173",
    "B018Y229OU"
  ],
  "7040": [
    "Viju",
    "B018Y229OU"
  ],
  "63046": [
    "yuri",
    "B018Y229OU"
  ],
  "49849": [
    "SeveNgdUP",
    "B018Y229OU"
  ],
  "77852": [
    "lori",
    "B018Y229OU"
  ],
  "54355": [
    "gen0",
    "B018Y229OU"
  ],
  "10258": [
    "smilindna",
    "B018Y229OU"
  ],
  "89761": [
    "LaneBNC",
    "B018Y229OU"
  ],
  "73667": [
    "Barr",
    "B018Y229OU"
  ],
  "22167": [
    "Tilly",
    "B018Y229OU"
  ],
  "91370": [
    "Anissa1076",
    "B018Y229OU"
  ],
  "29570": [
    "Lucky",
    "B018Y229OU"
  ],
  "64976": [
    "Frost1983",
    "B018Y229OU"
  ],
  "10579": [
    "Drew8",
    "B018Y229OU"
  ],
  "69482": [
    "nixxs",
    "B018Y229OU"
  ],
  "53388": [
    "towtruck",
    "B018Y229OU"
  ],
  "1888": [
    "Indio",
    "B018Y229OU"
  ],
  "91691": [
    "duckie",
    "B018Y229OU"
  ],
  "47594": [
    "Devin",
    "B018Y229OU"
  ],
  "26994": [
    "laura",
    "B018Y229OU"
  ],
  "75597": [
    "Shaneo20",
    "B018Y229OU"
  ],
  "24097": [
    "TSmith",
    "B018Y229OU"
  ],
  "13797": [
    "Kaju",
    "B018Y229OU"
  ],
  "90403": [
    "shop2",
    "B018Y229OU"
  ],
  "38903": [
    "arezee",
    "B018Y229OU"
  ],
  "19912": [
    "ShawnH",
    "B018Y229OU"
  ],
  "99415": [
    "Casamayas",
    "B018Y229OU"
  ],
  "75918": [
    "MarMar0117",
    "B018Y229OU"
  ],
  "65618": [
    "jackpot",
    "B018Y229OU"
  ],
  "11221": [
    "AngelR",
    "B018Y229OU"
  ],
  "90724": [
    "jim3",
    "B018Y229OU"
  ],
  "64330": [
    "KevinDoyleJnr",
    "B018Y229OU"
  ],
  "92333": [
    "JJones",
    "B018Y229OU"
  ],
  "9933": [
    "WiscoKid",
    "B018Y229OU"
  ],
  "99736": [
    "LoraineA",
    "B018Y229OU"
  ],
  "14439": [
    "Tracee",
    "B018Y229OU"
  ],
  "60145": [
    "Nita",
    "B018Y229OU"
  ],
  "29245": [
    "MsUrbina1",
    "B018Y229OU"
  ]
}