{
  "36363": [
    "Shoot2thril",
    "B018Y229OU"
  ],
  "15763": [
    "Barbara",
    "B018Y229OU"
  ],
  "5463": [
    "Elec8",
    "B018Y229OU"
  ],
  "54066": [
    "Silvrblur",
    "B018Y229OU"
  ],
  "33466": [
    "Trish",
    "B018Y229OU"
  ],
  "40869": [
    "airbear",
    "B018Y229OU"
  ],
  "89472": [
    "felix",
    "B018Y229OU"
  ],
  "48272": [
    "Bull99",
    "B018Y229OU"
  ],
  "96875": [
    "Gurpreet",
    "B018Y229OU"
  ],
  "14475": [
    "Lateisha",
    "B018Y229OU"
  ],
  "93978": [
    "DatSEG",
    "B018Y229OU"
  ],
  "73378": [
    "chrisg5293",
    "B018Y229OU"
  ],
  "11578": [
    "Jazzy",
    "B018Y229OU"
  ],
  "1278": [
    "awesomeness",
    "B018Y229OU"
  ],
  "29281": [
    "star",
    "B018Y229OU"
  ],
  "18981": [
    "KaoticBliss",
    "B018Y229OU"
  ],
  "88184": [
    "suresh",
    "B018Y229OU"
  ],
  "57284": [
    "daleparty",
    "B018Y229OU"
  ],
  "46984": [
    "Esquire404",
    "B018Y229OU"
  ],
  "36684": [
    "homegmom",
    "B018Y229OU"
  ],
  "5784": [
    "Monique",
    "B018Y229OU"
  ],
  "54387": [
    "Giselle",
    "B018Y229OU"
  ],
  "23487": [
    "Stag",
    "B018Y229OU"
  ],
  "92690": [
    "Stan",
    "B018Y229OU"
  ],
  "82390": [
    "Tweety",
    "B018Y229OU"
  ],
  "41190": [
    "Mrfunnypants69",
    "B018Y229OU"
  ],
  "30890": [
    "Lead",
    "B018Y229OU"
  ],
  "20590": [
    "Efrain",
    "B018Y229OU"
  ],
  "69193": [
    "Oscar",
    "B018Y229OU"
  ],
  "45696": [
    "Drossmill06",
    "B018Y229OU"
  ],
  "35396": [
    "Sammy",
    "B018Y229OU"
  ],
  "94299": [
    "Itwerks",
    "B018Y229OU"
  ],
  "73699": [
    "Gina",
    "B018Y229OU"
  ],
  "42799": [
    "Iamawesome",
    "B018Y229OU"
  ],
  "11899": [
    "Roma",
    "B018Y229OU"
  ],
  "91402": [
    "Happycustomer",
    "B018Y229OU"
  ],
  "9002": [
    "Gwen",
    "B018Y229OU"
  ],
  "26705": [
    "Noble",
    "B018Y229OU"
  ],
  "54708": [
    "bigred268504",
    "B018Y229OU"
  ],
  "13508": [
    "Lildrvr42",
    "B018Y229OU"
  ],
  "82711": [
    "GIFTGIVER",
    "B018Y229OU"
  ],
  "62111": [
    "Lucy",
    "B018Y229OU"
  ],
  "51811": [
    "Jazy105",
    "B018Y229OU"
  ],
  "59214": [
    "Spec",
    "B018Y229OU"
  ],
  "18014": [
    "Greg",
    "B018Y229OU"
  ],
  "7714": [
    "East",
    "B018Y229OU"
  ],
  "15117": [
    "Ronman",
    "B018Y229OU"
  ],
  "94620": [
    "Rocker75Mom",
    "B018Y229OU"
  ],
  "63720": [
    "Sporks35",
    "B018Y229OU"
  ],
  "1920": [
    "Murphy",
    "B018Y229OU"
  ],
  "91723": [
    "baronvs",
    "B018Y229OU"
  ],
  "71123": [
    "4Amore3",
    "B018Y229OU"
  ],
  "9323": [
    "matt2848",
    "B018Y229OU"
  ],
  "78526": [
    "Inks",
    "B018Y229OU"
  ],
  "68226": [
    "texaswichitagirl",
    "B018Y229OU"
  ],
  "57926": [
    "ddaman",
    "B018Y229OU"
  ],
  "44729": [
    "JDBUD365",
    "B018Y229OU"
  ],
  "34429": [
    "Zpost",
    "B018Y229OU"
  ],
  "10932": [
    "taxman",
    "B018Y229OU"
  ],
  "59535": [
    "Nana50",
    "B018Y229OU"
  ],
  "18335": [
    "Ceebornqueen",
    "B018Y229OU"
  ],
  "87538": [
    "Slinky1914",
    "B018Y229OU"
  ],
  "77238": [
    "kenshiropower",
    "B018Y229OU"
  ],
  "56638": [
    "Kyrra62",
    "B018Y229OU"
  ],
  "53741": [
    "Teacher",
    "B018Y229OU"
  ],
  "43441": [
    "Texas82",
    "B018Y229OU"
  ],
  "78847": [
    "Dono",
    "B018Y229OU"
  ],
  "58247": [
    "killershark",
    "B018Y229OU"
  ],
  "27347": [
    "JSP123",
    "B018Y229OU"
  ],
  "86250": [
    "Lcabellos",
    "B018Y229OU"
  ],
  "65650": [
    "MyBestBuy",
    "B018Y229OU"
  ],
  "45050": [
    "Hektek",
    "B018Y229OU"
  ],
  "14150": [
    "Joaquin",
    "B018Y229OU"
  ],
  "83353": [
    "Wife",
    "B018Y229OU"
  ],
  "31853": [
    "Shaf",
    "B018Y229OU"
  ],
  "67259": [
    "Sancho",
    "B018Y229OU"
  ],
  "56959": [
    "Coop",
    "B018Y229OU"
  ],
  "95262": [
    "Tina",
    "B018Y229OU"
  ],
  "61465": [
    "jcv5095",
    "B018Y229OU"
  ],
  "20265": [
    "kcups",
    "B018Y229OU"
  ],
  "37968": [
    "RockmanXEXE",
    "B018Y229OU"
  ],
  "27668": [
    "cruz002",
    "B018Y229OU"
  ],
  "17368": [
    "Babyg213",
    "B018Y229OU"
  ],
  "7068": [
    "MaxRandB",
    "B018Y229OU"
  ],
  "14471": [
    "johns",
    "B018Y229OU"
  ],
  "93974": [
    "Shunta",
    "B018Y229OU"
  ],
  "83674": [
    "SunValley",
    "B018Y229OU"
  ],
  "49877": [
    "Karma",
    "B018Y229OU"
  ],
  "18977": [
    "AaronF",
    "B018Y229OU"
  ],
  "98480": [
    "busybee",
    "B018Y229OU"
  ],
  "46980": [
    "Mel06",
    "B018Y229OU"
  ],
  "74983": [
    "buyer",
    "B018Y229OU"
  ],
  "72086": [
    "Foodie",
    "B018Y229OU"
  ],
  "10286": [
    "Jasmin",
    "B018Y229OU"
  ],
  "100089": [
    "Benjamin",
    "B018Y229OU"
  ],
  "7389": [
    "Pita",
    "B018Y229OU"
  ],
  "35392": [
    "RoyS",
    "B018Y229OU"
  ],
  "94295": [
    "Billmom",
    "B018Y229OU"
  ],
  "83995": [
    "Doris",
    "B018Y229OU"
  ],
  "39898": [
    "Purplesjs",
    "B018Y229OU"
  ],
  "29598": [
    "Pooh",
    "B018Y229OU"
  ],
  "95904": [
    "Junn",
    "B018Y229OU"
  ],
  "65004": [
    "Damacanic",
    "B018Y229OU"
  ],
  "34104": [
    "DallasFan",
    "B018Y229OU"
  ],
  "82707": [
    "chemstar",
    "B018Y229OU"
  ],
  "51807": [
    "Jayg",
    "B018Y229OU"
  ],
  "69510": [
    "deee",
    "B018Y229OU"
  ],
  "28310": [
    "ladylove",
    "B018Y229OU"
  ],
  "76913": [
    "HappyCamper",
    "B018Y229OU"
  ],
  "66613": [
    "Bwilliams",
    "B018Y229OU"
  ],
  "15113": [
    "Kyungw83",
    "B018Y229OU"
  ],
  "84316": [
    "Sofrito",
    "B018Y229OU"
  ],
  "32816": [
    "Vet1",
    "B018Y229OU"
  ],
  "1916": [
    "Zoemama",
    "B018Y229OU"
  ],
  "68222": [
    "Deec",
    "B018Y229OU"
  ],
  "37322": [
    "mins",
    "B018Y229OU"
  ],
  "16722": [
    "Iggysoup",
    "B018Y229OU"
  ],
  "85925": [
    "pamt",
    "B018Y229OU"
  ],
  "3525": [
    "SKINNI",
    "B018Y229OU"
  ],
  "72728": [
    "Quincey",
    "B018Y229OU"
  ],
  "628": [
    "TG65",
    "B018Y229OU"
  ],
  "59531": [
    "Happyhappy2b",
    "B018Y229OU"
  ],
  "38931": [
    "Kathy",
    "B018Y229OU"
  ],
  "18331": [
    "Wolfman",
    "B018Y229OU"
  ],
  "66934": [
    "Dayday",
    "B018Y229OU"
  ],
  "25734": [
    "alex",
    "B018Y229OU"
  ],
  "71440": [
    "kira",
    "B018Y229OU"
  ],
  "50840": [
    "Scooby",
    "B018Y229OU"
  ],
  "68543": [
    "wmagle",
    "B018Y229OU"
  ],
  "55346": [
    "kokirios77",
    "B018Y229OU"
  ],
  "45046": [
    "bearbud",
    "B018Y229OU"
  ],
  "24446": [
    "lady",
    "B018Y229OU"
  ],
  "14146": [
    "kabuki07",
    "B018Y229OU"
  ],
  "21549": [
    "Bkbear14",
    "B018Y229OU"
  ],
  "56955": [
    "granddad2",
    "B018Y229OU"
  ],
  "5455": [
    "JBGmom",
    "B018Y229OU"
  ],
  "84958": [
    "mpheimlich",
    "B018Y229OU"
  ],
  "92361": [
    "Jacob",
    "B018Y229OU"
  ],
  "68864": [
    "Bobwillie22",
    "B018Y229OU"
  ],
  "58564": [
    "Rtwistedmindz",
    "B018Y229OU"
  ],
  "76267": [
    "Brooklynboy",
    "B018Y229OU"
  ],
  "65967": [
    "Gwapps",
    "B018Y229OU"
  ],
  "24767": [
    "lissalove212",
    "B018Y229OU"
  ],
  "83670": [
    "MRJJ",
    "B018Y229OU"
  ],
  "52770": [
    "TOTO",
    "B018Y229OU"
  ],
  "32170": [
    "Adub",
    "B018Y229OU"
  ],
  "98476": [
    "Curt",
    "B018Y229OU"
  ],
  "77876": [
    "Jay2017",
    "B018Y229OU"
  ],
  "16076": [
    "Bebe",
    "B018Y229OU"
  ],
  "5776": [
    "Clowny92",
    "B018Y229OU"
  ],
  "54379": [
    "Wonder19",
    "B018Y229OU"
  ],
  "44079": [
    "Tricks87gr",
    "B018Y229OU"
  ],
  "33779": [
    "Reviewer",
    "B018Y229OU"
  ],
  "23479": [
    "dcplayer8",
    "B018Y229OU"
  ],
  "2879": [
    "MrsBoom",
    "B018Y229OU"
  ],
  "72082": [
    "Jws0",
    "B018Y229OU"
  ],
  "41182": [
    "mytyler1",
    "B018Y229OU"
  ],
  "58885": [
    "Babykp",
    "B018Y229OU"
  ],
  "48585": [
    "djata",
    "B018Y229OU"
  ],
  "38285": [
    "BAR042917",
    "B018Y229OU"
  ],
  "27985": [
    "Tony",
    "B018Y229OU"
  ],
  "25088": [
    "Jonzie",
    "B018Y229OU"
  ],
  "83991": [
    "kell",
    "B018Y229OU"
  ],
  "73691": [
    "Tyree",
    "B018Y229OU"
  ],
  "22191": [
    "kara",
    "B018Y229OU"
  ],
  "91394": [
    "terbear",
    "B018Y229OU"
  ],
  "39894": [
    "cabin",
    "B018Y229OU"
  ],
  "19294": [
    "BNDT",
    "B018Y229OU"
  ],
  "75300": [
    "TStipe",
    "B018Y229OU"
  ],
  "13500": [
    "mngirl456",
    "B018Y229OU"
  ],
  "3200": [
    "Moscatomama6",
    "B018Y229OU"
  ],
  "31203": [
    "5150",
    "B018Y229OU"
  ],
  "69506": [
    "Sissy",
    "B018Y229OU"
  ],
  "48906": [
    "shannon",
    "B018Y229OU"
  ],
  "76909": [
    "Genie",
    "B018Y229OU"
  ],
  "46009": [
    "Nene",
    "B018Y229OU"
  ],
  "84312": [
    "momof2",
    "B018Y229OU"
  ],
  "43112": [
    "Gamerfan",
    "B018Y229OU"
  ],
  "1912": [
    "cipro",
    "B018Y229OU"
  ],
  "71115": [
    "Pegsue828",
    "B018Y229OU"
  ],
  "50515": [
    "Kanda",
    "B018Y229OU"
  ],
  "19615": [
    "Bmarie",
    "B018Y229OU"
  ],
  "27018": [
    "Pachuco94",
    "B018Y229OU"
  ],
  "55021": [
    "Bobby",
    "B018Y229OU"
  ],
  "13821": [
    "Rhenita",
    "B018Y229OU"
  ],
  "72724": [
    "Rude",
    "B018Y229OU"
  ],
  "80127": [
    "sweet",
    "B018Y229OU"
  ],
  "38927": [
    "taebrown88",
    "B018Y229OU"
  ],
  "66930": [
    "FMartinez0627",
    "B018Y229OU"
  ],
  "46330": [
    "DannyBoy",
    "B018Y229OU"
  ],
  "64033": [
    "Chelle",
    "B018Y229OU"
  ],
  "53733": [
    "Sidak",
    "B018Y229OU"
  ],
  "43433": [
    "ItsMe",
    "B018Y229OU"
  ],
  "12533": [
    "RoRo",
    "B018Y229OU"
  ],
  "81736": [
    "lisabanks",
    "B018Y229OU"
  ],
  "61136": [
    "dana",
    "B018Y229OU"
  ],
  "50836": [
    "Pumpkin",
    "B018Y229OU"
  ],
  "30236": [
    "momo",
    "B018Y229OU"
  ],
  "19936": [
    "robert",
    "B018Y229OU"
  ],
  "99439": [
    "Ernieluna1007",
    "B018Y229OU"
  ],
  "78839": [
    "Fernando",
    "B018Y229OU"
  ],
  "65642": [
    "DirkDiggler",
    "B018Y229OU"
  ],
  "55342": [
    "Jarry",
    "B018Y229OU"
  ],
  "34742": [
    "Seenu",
    "B018Y229OU"
  ],
  "24442": [
    "WMorgan",
    "B018Y229OU"
  ],
  "11245": [
    "Srqlocal",
    "B018Y229OU"
  ],
  "945": [
    "patty",
    "B018Y229OU"
  ],
  "80448": [
    "Chaz4",
    "B018Y229OU"
  ],
  "39248": [
    "SB57",
    "B018Y229OU"
  ],
  "28948": [
    "WyldeBill",
    "B018Y229OU"
  ],
  "46651": [
    "Resse",
    "B018Y229OU"
  ],
  "95254": [
    "Will",
    "B018Y229OU"
  ],
  "74654": [
    "robskii1383",
    "B018Y229OU"
  ],
  "33454": [
    "Mamaw",
    "B018Y229OU"
  ],
  "12854": [
    "ExMP",
    "B018Y229OU"
  ],
  "2554": [
    "Mar-15",
    "B018Y229OU"
  ],
  "40857": [
    "rabbit9413",
    "B018Y229OU"
  ],
  "58560": [
    "Yariza",
    "B018Y229OU"
  ],
  "7060": [
    "Landon",
    "B018Y229OU"
  ],
  "86563": [
    "Gail",
    "B018Y229OU"
  ],
  "76263": [
    "Cub1968",
    "B018Y229OU"
  ],
  "24763": [
    "Kimmy",
    "B018Y229OU"
  ],
  "14463": [
    "Rachel",
    "B018Y229OU"
  ],
  "4163": [
    "azulesky12",
    "B018Y229OU"
  ],
  "93966": [
    "tnagle1960",
    "B018Y229OU"
  ],
  "21866": [
    "Mmix2009",
    "B018Y229OU"
  ],
  "11566": [
    "mobb",
    "B018Y229OU"
  ],
  "1266": [
    "jlowery",
    "B018Y229OU"
  ],
  "60169": [
    "Clouis",
    "B018Y229OU"
  ],
  "39569": [
    "danielusmx",
    "B018Y229OU"
  ],
  "57272": [
    "Angfoo",
    "B018Y229OU"
  ],
  "16072": [
    "davick",
    "B018Y229OU"
  ],
  "54375": [
    "Love2011",
    "B018Y229OU"
  ],
  "41178": [
    "lost30sanctuary",
    "B018Y229OU"
  ],
  "89781": [
    "Nagesh",
    "B018Y229OU"
  ],
  "58881": [
    "Micar123",
    "B018Y229OU"
  ],
  "66284": [
    "Frann",
    "B018Y229OU"
  ],
  "55984": [
    "Funnie07",
    "B018Y229OU"
  ],
  "63387": [
    "judy",
    "B018Y229OU"
  ],
  "53087": [
    "LynchP1",
    "B018Y229OU"
  ],
  "22187": [
    "littlelupey",
    "B018Y229OU"
  ],
  "91390": [
    "MArkus",
    "B018Y229OU"
  ],
  "81090": [
    "Ljohona",
    "B018Y229OU"
  ],
  "47293": [
    "nita1971",
    "B018Y229OU"
  ],
  "64996": [
    "Hunior",
    "B018Y229OU"
  ],
  "92999": [
    "Leftfielderror",
    "B018Y229OU"
  ],
  "20899": [
    "Sugarsmack24",
    "B018Y229OU"
  ],
  "28302": [
    "Dayla",
    "B018Y229OU"
  ],
  "4805": [
    "Fred",
    "B018Y229OU"
  ],
  "94608": [
    "Lady0809",
    "B018Y229OU"
  ],
  "12208": [
    "Jpg11",
    "B018Y229OU"
  ],
  "19611": [
    "joelnievespr",
    "B018Y229OU"
  ],
  "68214": [
    "batman89",
    "B018Y229OU"
  ],
  "37314": [
    "mrdna03",
    "B018Y229OU"
  ],
  "96217": [
    "Jaysgirl",
    "B018Y229OU"
  ],
  "34417": [
    "Vvendi",
    "B018Y229OU"
  ],
  "24117": [
    "beyonce41",
    "B018Y229OU"
  ],
  "21220": [
    "Jniteson",
    "B018Y229OU"
  ],
  "10920": [
    "Bryceakatoss",
    "B018Y229OU"
  ],
  "59523": [
    "LBkd",
    "B018Y229OU"
  ],
  "38923": [
    "JanetO",
    "B018Y229OU"
  ],
  "8023": [
    "Free2love20",
    "B018Y229OU"
  ],
  "46326": [
    "goodfella",
    "B018Y229OU"
  ],
  "25726": [
    "lifeinlosangeles",
    "B018Y229OU"
  ],
  "15426": [
    "Shan",
    "B018Y229OU"
  ],
  "84629": [
    "SecretSquirrel",
    "B018Y229OU"
  ],
  "64029": [
    "marcher1991",
    "B018Y229OU"
  ],
  "12529": [
    "bsugrad1970",
    "B018Y229OU"
  ],
  "30232": [
    "kenken01",
    "B018Y229OU"
  ],
  "9632": [
    "Shellycja",
    "B018Y229OU"
  ],
  "78835": [
    "Firedog427",
    "B018Y229OU"
  ],
  "68535": [
    "Shelley",
    "B018Y229OU"
  ],
  "96538": [
    "bigm",
    "B018Y229OU"
  ],
  "34738": [
    "Slim",
    "B018Y229OU"
  ],
  "11241": [
    "Jay323",
    "B018Y229OU"
  ],
  "941": [
    "Pradeep",
    "B018Y229OU"
  ],
  "80444": [
    "KindleReader",
    "B018Y229OU"
  ],
  "28944": [
    "bestbuymember",
    "B018Y229OU"
  ],
  "5447": [
    "reesie",
    "B018Y229OU"
  ],
  "54050": [
    "TrueReview",
    "B018Y229OU"
  ],
  "12850": [
    "horacio",
    "B018Y229OU"
  ],
  "51153": [
    "Bjpbmp",
    "B018Y229OU"
  ],
  "9953": [
    "foreverstudentwithmany",
    "B018Y229OU"
  ],
  "99756": [
    "Nilminho",
    "B018Y229OU"
  ],
  "89456": [
    "Syenna62",
    "B018Y229OU"
  ],
  "79156": [
    "Ivancitoo",
    "B018Y229OU"
  ],
  "58556": [
    "MomPhillips",
    "B018Y229OU"
  ],
  "48256": [
    "sagitt",
    "B018Y229OU"
  ],
  "27656": [
    "flintstone",
    "B018Y229OU"
  ],
  "17356": [
    "Holly",
    "B018Y229OU"
  ],
  "65959": [
    "missymom",
    "B018Y229OU"
  ],
  "83662": [
    "Kenya",
    "B018Y229OU"
  ],
  "73362": [
    "Sugarplum",
    "B018Y229OU"
  ],
  "91065": [
    "Brian2015",
    "B018Y229OU"
  ],
  "8665": [
    "jvdmgl",
    "B018Y229OU"
  ],
  "85271": [
    "Kalee",
    "B018Y229OU"
  ],
  "44071": [
    "Gigi",
    "B018Y229OU"
  ],
  "23471": [
    "Nanasvette",
    "B018Y229OU"
  ],
  "92674": [
    "Athena06",
    "B018Y229OU"
  ],
  "82374": [
    "Cathy",
    "B018Y229OU"
  ],
  "10274": [
    "Nono",
    "B018Y229OU"
  ],
  "69177": [
    "Jmta2210",
    "B018Y229OU"
  ],
  "27977": [
    "bbreviewer",
    "B018Y229OU"
  ],
  "86880": [
    "5372",
    "B018Y229OU"
  ],
  "66280": [
    "Coconut",
    "B018Y229OU"
  ],
  "14780": [
    "Mingas",
    "B018Y229OU"
  ],
  "73683": [
    "Leite",
    "B018Y229OU"
  ],
  "11883": [
    "Mario",
    "B018Y229OU"
  ],
  "1583": [
    "lennyh",
    "B018Y229OU"
  ],
  "81086": [
    "lalo",
    "B018Y229OU"
  ],
  "50186": [
    "Dalayna",
    "B018Y229OU"
  ],
  "8986": [
    "Tammy",
    "B018Y229OU"
  ],
  "51795": [
    "REA122",
    "B018Y229OU"
  ],
  "79798": [
    "Jordyn17",
    "B018Y229OU"
  ],
  "38598": [
    "Niffer3",
    "B018Y229OU"
  ],
  "28298": [
    "LadiBri",
    "B018Y229OU"
  ],
  "87201": [
    "cggirl",
    "B018Y229OU"
  ],
  "56301": [
    "Akai",
    "B018Y229OU"
  ],
  "15101": [
    "Vader",
    "B018Y229OU"
  ],
  "84304": [
    "Charly805",
    "B018Y229OU"
  ],
  "43104": [
    "lola",
    "B018Y229OU"
  ],
  "32804": [
    "Shufflecity",
    "B018Y229OU"
  ],
  "22504": [
    "Yorkie",
    "B018Y229OU"
  ],
  "60807": [
    "unusualpsycho",
    "B018Y229OU"
  ],
  "99110": [
    "LUCHO",
    "B018Y229OU"
  ],
  "78510": [
    "CoachRob",
    "B018Y229OU"
  ],
  "57910": [
    "avidamishreader",
    "B018Y229OU"
  ],
  "6410": [
    "Bruiser",
    "B018Y229OU"
  ],
  "24113": [
    "Reenoe",
    "B018Y229OU"
  ],
  "3513": [
    "Colt",
    "B018Y229OU"
  ],
  "62416": [
    "Laquela",
    "B018Y229OU"
  ],
  "41816": [
    "Robbeano",
    "B018Y229OU"
  ],
  "616": [
    "Aj42",
    "B018Y229OU"
  ],
  "69819": [
    "Gogomom",
    "B018Y229OU"
  ],
  "28619": [
    "JerryP",
    "B018Y229OU"
  ],
  "97822": [
    "BestBuyer",
    "B018Y229OU"
  ],
  "77222": [
    "mjcatrett",
    "B018Y229OU"
  ],
  "66922": [
    "Applelover",
    "B018Y229OU"
  ],
  "5122": [
    "RED3",
    "B018Y229OU"
  ],
  "94925": [
    "Erik",
    "B018Y229OU"
  ],
  "74325": [
    "meka",
    "B018Y229OU"
  ],
  "33125": [
    "likecandy74",
    "B018Y229OU"
  ],
  "61128": [
    "KimB",
    "B018Y229OU"
  ],
  "30228": [
    "PaulD",
    "B018Y229OU"
  ],
  "78831": [
    "Noon",
    "B018Y229OU"
  ],
  "58231": [
    "suzichocolate",
    "B018Y229OU"
  ],
  "47931": [
    "Santa",
    "B018Y229OU"
  ],
  "3834": [
    "pittsrp00",
    "B018Y229OU"
  ],
  "21537": [
    "Blue",
    "B018Y229OU"
  ],
  "11237": [
    "JoMomma",
    "B018Y229OU"
  ],
  "8340": [
    "PABLO",
    "B018Y229OU"
  ],
  "98143": [
    "Timmy",
    "B018Y229OU"
  ],
  "56943": [
    "Wicnok",
    "B018Y229OU"
  ],
  "5443": [
    "Hopey",
    "B018Y229OU"
  ],
  "12846": [
    "Lady",
    "B018Y229OU"
  ],
  "2546": [
    "DHBvilleIN",
    "B018Y229OU"
  ],
  "92349": [
    "Tullydog",
    "B018Y229OU"
  ],
  "89452": [
    "Ramber",
    "B018Y229OU"
  ],
  "86555": [
    "Angel77",
    "B018Y229OU"
  ],
  "76255": [
    "ucantcme69",
    "B018Y229OU"
  ],
  "14455": [
    "Che3rio",
    "B018Y229OU"
  ],
  "93958": [
    "Sonymalc",
    "B018Y229OU"
  ],
  "63058": [
    "Texas33",
    "B018Y229OU"
  ],
  "42458": [
    "mrspeterbug",
    "B018Y229OU"
  ],
  "11558": [
    "pilotdan",
    "B018Y229OU"
  ],
  "70461": [
    "Deagle",
    "B018Y229OU"
  ],
  "60161": [
    "Birdman",
    "B018Y229OU"
  ],
  "49861": [
    "Supermom78",
    "B018Y229OU"
  ],
  "39561": [
    "yesenia",
    "B018Y229OU"
  ],
  "18961": [
    "TexasDee",
    "B018Y229OU"
  ],
  "8661": [
    "Jzgame",
    "B018Y229OU"
  ],
  "98464": [
    "Majinbooty",
    "B018Y229OU"
  ],
  "88164": [
    "Reddragon",
    "B018Y229OU"
  ],
  "46964": [
    "SMiller1965",
    "B018Y229OU"
  ],
  "2867": [
    "Victor",
    "B018Y229OU"
  ],
  "82370": [
    "Texmex",
    "B018Y229OU"
  ],
  "61770": [
    "Bruincdc",
    "B018Y229OU"
  ],
  "51470": [
    "Outofhere",
    "B018Y229OU"
  ],
  "20570": [
    "Girlygirl816",
    "B018Y229OU"
  ],
  "89773": [
    "Erica",
    "B018Y229OU"
  ],
  "38273": [
    "Sheldonsite",
    "B018Y229OU"
  ],
  "7373": [
    "Moien",
    "B018Y229OU"
  ],
  "76576": [
    "Fyreston",
    "B018Y229OU"
  ],
  "55976": [
    "sugafreekoolaid",
    "B018Y229OU"
  ],
  "83979": [
    "Jpac",
    "B018Y229OU"
  ],
  "63379": [
    "Pavi",
    "B018Y229OU"
  ],
  "42779": [
    "webtdb12",
    "B018Y229OU"
  ],
  "32479": [
    "Bigmama",
    "B018Y229OU"
  ],
  "1579": [
    "Mooo",
    "B018Y229OU"
  ],
  "91382": [
    "Nubian",
    "B018Y229OU"
  ],
  "19282": [
    "Shujuana",
    "B018Y229OU"
  ],
  "98785": [
    "RGB47",
    "B018Y229OU"
  ],
  "95888": [
    "drako1164",
    "B018Y229OU"
  ],
  "85588": [
    "Nelliesloan",
    "B018Y229OU"
  ],
  "64988": [
    "DRMC",
    "B018Y229OU"
  ],
  "44388": [
    "Peaches1975",
    "B018Y229OU"
  ],
  "72391": [
    "Pinkrose",
    "B018Y229OU"
  ],
  "51791": [
    "adomb",
    "B018Y229OU"
  ],
  "20891": [
    "AshuT",
    "B018Y229OU"
  ],
  "90094": [
    "Newtech",
    "B018Y229OU"
  ],
  "38594": [
    "VitoI",
    "B018Y229OU"
  ],
  "35697": [
    "pete",
    "B018Y229OU"
  ],
  "84300": [
    "bene592",
    "B018Y229OU"
  ],
  "63700": [
    "Fredo",
    "B018Y229OU"
  ],
  "71103": [
    "Collegestudent",
    "B018Y229OU"
  ],
  "29903": [
    "awn72",
    "B018Y229OU"
  ],
  "99106": [
    "Mommy",
    "B018Y229OU"
  ],
  "47606": [
    "susanna",
    "B018Y229OU"
  ],
  "75609": [
    "Wrangler",
    "B018Y229OU"
  ],
  "21212": [
    "akha",
    "B018Y229OU"
  ],
  "28615": [
    "Munrra82",
    "B018Y229OU"
  ],
  "18315": [
    "Mom123",
    "B018Y229OU"
  ],
  "66918": [
    "MelissaB",
    "B018Y229OU"
  ],
  "46318": [
    "Bigmoe25",
    "B018Y229OU"
  ],
  "53721": [
    "Marla",
    "B018Y229OU"
  ],
  "81724": [
    "Dilbert",
    "B018Y229OU"
  ],
  "9624": [
    "Randi",
    "B018Y229OU"
  ],
  "58227": [
    "Scullyswife",
    "B018Y229OU"
  ],
  "47927": [
    "KP6625",
    "B018Y229OU"
  ],
  "52433": [
    "Dinesh",
    "B018Y229OU"
  ],
  "70136": [
    "Soccer12",
    "B018Y229OU"
  ],
  "46639": [
    "Skinnytees4life",
    "B018Y229OU"
  ],
  "5439": [
    "Yanni",
    "B018Y229OU"
  ],
  "2542": [
    "Psulionpride",
    "B018Y229OU"
  ],
  "30545": [
    "Jhania",
    "B018Y229OU"
  ],
  "20245": [
    "Sikixs",
    "B018Y229OU"
  ],
  "27648": [
    "howiet",
    "B018Y229OU"
  ],
  "17348": [
    "starmroberts",
    "B018Y229OU"
  ],
  "4151": [
    "pinky",
    "B018Y229OU"
  ],
  "11554": [
    "Amg720",
    "B018Y229OU"
  ],
  "8657": [
    "Tomato",
    "B018Y229OU"
  ],
  "46960": [
    "Anthony",
    "B018Y229OU"
  ],
  "54363": [
    "Capanthers1",
    "B018Y229OU"
  ],
  "2863": [
    "Rajbb",
    "B018Y229OU"
  ],
  "10266": [
    "Roby",
    "B018Y229OU"
  ],
  "100069": [
    "Niko",
    "B018Y229OU"
  ],
  "89769": [
    "BoneDaddy",
    "B018Y229OU"
  ],
  "7369": [
    "Rwilkinson",
    "B018Y229OU"
  ],
  "66272": [
    "Mari",
    "B018Y229OU"
  ],
  "45672": [
    "Anynomous",
    "B018Y229OU"
  ],
  "14772": [
    "Captain",
    "B018Y229OU"
  ],
  "22175": [
    "gabby",
    "B018Y229OU"
  ],
  "29578": [
    "Aary",
    "B018Y229OU"
  ],
  "98781": [
    "Maelca",
    "B018Y229OU"
  ],
  "67881": [
    "Jstretch4567",
    "B018Y229OU"
  ],
  "57581": [
    "brian",
    "B018Y229OU"
  ],
  "47281": [
    "sophiaalg",
    "B018Y229OU"
  ],
  "36981": [
    "Fadi",
    "B018Y229OU"
  ],
  "64984": [
    "Kenny",
    "B018Y229OU"
  ],
  "20887": [
    "ashleann",
    "B018Y229OU"
  ],
  "287": [
    "bestman1",
    "B018Y229OU"
  ],
  "90090": [
    "Enzo",
    "B018Y229OU"
  ],
  "17990": [
    "tonychavez",
    "B018Y229OU"
  ],
  "7690": [
    "hogrider6",
    "B018Y229OU"
  ],
  "25393": [
    "gmccrimon",
    "B018Y229OU"
  ],
  "15093": [
    "DukeofEarl",
    "B018Y229OU"
  ],
  "94596": [
    "shop12",
    "B018Y229OU"
  ],
  "57902": [
    "Drmike",
    "B018Y229OU"
  ],
  "16702": [
    "King",
    "B018Y229OU"
  ],
  "28611": [
    "paul",
    "B018Y229OU"
  ],
  "33117": [
    "JOE2015",
    "B018Y229OU"
  ],
  "40520": [
    "Dragon",
    "B018Y229OU"
  ],
  "30220": [
    "Zeita",
    "B018Y229OU"
  ],
  "68523": [
    "hemant",
    "B018Y229OU"
  ],
  "58223": [
    "Irispipo",
    "B018Y229OU"
  ],
  "17023": [
    "adttac",
    "B018Y229OU"
  ],
  "55326": [
    "Kaylena",
    "B018Y229OU"
  ],
  "34726": [
    "Oliver",
    "B018Y229OU"
  ],
  "24426": [
    "Gaga",
    "B018Y229OU"
  ],
  "52429": [
    "Tito",
    "B018Y229OU"
  ],
  "21529": [
    "FLMOM",
    "B018Y229OU"
  ],
  "70132": [
    "winner",
    "B018Y229OU"
  ],
  "46635": [
    "ETAPRIME",
    "B018Y229OU"
  ],
  "26035": [
    "MeganP",
    "B018Y229OU"
  ],
  "33438": [
    "Arman",
    "B018Y229OU"
  ],
  "23138": [
    "Adam",
    "B018Y229OU"
  ],
  "92341": [
    "Djpeefunk",
    "B018Y229OU"
  ],
  "9941": [
    "Christiana",
    "B018Y229OU"
  ],
  "99744": [
    "Fabi",
    "B018Y229OU"
  ],
  "65947": [
    "Vlad",
    "B018Y229OU"
  ],
  "24747": [
    "Nibs",
    "B018Y229OU"
  ],
  "4147": [
    "motakhim",
    "B018Y229OU"
  ],
  "83650": [
    "Jcon294",
    "B018Y229OU"
  ],
  "63050": [
    "heather",
    "B018Y229OU"
  ],
  "11550": [
    "JOHNNY",
    "B018Y229OU"
  ],
  "1250": [
    "Beli",
    "B018Y229OU"
  ],
  "91053": [
    "prettykitty1",
    "B018Y229OU"
  ],
  "46956": [
    "William",
    "B018Y229OU"
  ],
  "5756": [
    "ronniek",
    "B018Y229OU"
  ],
  "82362": [
    "JoeV",
    "B018Y229OU"
  ],
  "89765": [
    "javii192",
    "B018Y229OU"
  ],
  "97168": [
    "DAYHAN",
    "B018Y229OU"
  ],
  "14768": [
    "Chopper13",
    "B018Y229OU"
  ],
  "4468": [
    "newnatll",
    "B018Y229OU"
  ],
  "83971": [
    "Rivers",
    "B018Y229OU"
  ],
  "63371": [
    "Goodbuy711",
    "B018Y229OU"
  ],
  "32471": [
    "cjk0302",
    "B018Y229OU"
  ],
  "39874": [
    "Nava",
    "B018Y229OU"
  ],
  "16377": [
    "Nkm225",
    "B018Y229OU"
  ],
  "85580": [
    "Tanner",
    "B018Y229OU"
  ],
  "75280": [
    "fretchick",
    "B018Y229OU"
  ],
  "82683": [
    "Jack",
    "B018Y229OU"
  ],
  "20883": [
    "GMan",
    "B018Y229OU"
  ],
  "10583": [
    "BoneKnightmare",
    "B018Y229OU"
  ],
  "35689": [
    "jujubee",
    "B018Y229OU"
  ],
  "15089": [
    "Bilbosh55",
    "B018Y229OU"
  ],
  "84292": [
    "Buttar",
    "B018Y229OU"
  ],
  "63692": [
    "Jamelle",
    "B018Y229OU"
  ],
  "19595": [
    "Kay27",
    "B018Y229OU"
  ],
  "9295": [
    "Yaely",
    "B018Y229OU"
  ],
  "78498": [
    "Nhopper",
    "B018Y229OU"
  ],
  "57898": [
    "Joan",
    "B018Y229OU"
  ],
  "37298": [
    "Ronq",
    "B018Y229OU"
  ],
  "26998": [
    "Bestgift",
    "B018Y229OU"
  ],
  "16698": [
    "steve",
    "B018Y229OU"
  ],
  "6398": [
    "Grizzman",
    "B018Y229OU"
  ],
  "85901": [
    "joseph",
    "B018Y229OU"
  ],
  "55001": [
    "HappyApple",
    "B018Y229OU"
  ],
  "13801": [
    "calypso",
    "B018Y229OU"
  ],
  "62404": [
    "grandma",
    "B018Y229OU"
  ],
  "41804": [
    "Budda",
    "B018Y229OU"
  ],
  "69807": [
    "CallmeAl",
    "B018Y229OU"
  ],
  "49207": [
    "Carebear7",
    "B018Y229OU"
  ],
  "97810": [
    "Spanky",
    "B018Y229OU"
  ],
  "77210": [
    "Madhan",
    "B018Y229OU"
  ],
  "66910": [
    "donda",
    "B018Y229OU"
  ],
  "94913": [
    "Cjsmith420",
    "B018Y229OU"
  ],
  "33113": [
    "Trevo4",
    "B018Y229OU"
  ],
  "2213": [
    "Spunkytammy2000",
    "B018Y229OU"
  ],
  "99419": [
    "Newtokindlefire",
    "B018Y229OU"
  ],
  "58219": [
    "leilawert",
    "B018Y229OU"
  ],
  "47919": [
    "Josie",
    "B018Y229OU"
  ],
  "17019": [
    "Vampslayer",
    "B018Y229OU"
  ],
  "75922": [
    "verypleased7712",
    "B018Y229OU"
  ],
  "45022": [
    "Ashi",
    "B018Y229OU"
  ],
  "3822": [
    "Ducksyellow",
    "B018Y229OU"
  ],
  "93625": [
    "Jamiek3885",
    "B018Y229OU"
  ],
  "925": [
    "Kschroed278",
    "B018Y229OU"
  ],
  "28928": [
    "tmoney",
    "B018Y229OU"
  ],
  "8328": [
    "Tomclark",
    "B018Y229OU"
  ],
  "15731": [
    "Key901",
    "B018Y229OU"
  ],
  "23134": [
    "Halkeyegold",
    "B018Y229OU"
  ],
  "12834": [
    "TheKingz",
    "B018Y229OU"
  ],
  "82037": [
    "Anniem",
    "B018Y229OU"
  ],
  "51137": [
    "ediggs",
    "B018Y229OU"
  ],
  "40837": [
    "dannyhwood51",
    "B018Y229OU"
  ],
  "30537": [
    "Tspot",
    "B018Y229OU"
  ],
  "79140": [
    "Delcio",
    "B018Y229OU"
  ],
  "48240": [
    "SantaM",
    "B018Y229OU"
  ],
  "37940": [
    "sfox768",
    "B018Y229OU"
  ],
  "96843": [
    "walker",
    "B018Y229OU"
  ],
  "86543": [
    "tamye",
    "B018Y229OU"
  ],
  "65943": [
    "kyeckley",
    "B018Y229OU"
  ],
  "55643": [
    "Lilcharlie3",
    "B018Y229OU"
  ],
  "24743": [
    "GiftNicolette",
    "B018Y229OU"
  ],
  "83646": [
    "erika",
    "B018Y229OU"
  ],
  "11546": [
    "Alva",
    "B018Y229OU"
  ],
  "1246": [
    "Tellie",
    "B018Y229OU"
  ],
  "29249": [
    "Zombieguy",
    "B018Y229OU"
  ],
  "88152": [
    "jamie",
    "B018Y229OU"
  ],
  "57252": [
    "Ohlynnie",
    "B018Y229OU"
  ],
  "46952": [
    "Cheles",
    "B018Y229OU"
  ],
  "36652": [
    "Eddieaggies",
    "B018Y229OU"
  ],
  "26352": [
    "CoolSam",
    "B018Y229OU"
  ],
  "16052": [
    "RobertM",
    "B018Y229OU"
  ],
  "64655": [
    "Kresha",
    "B018Y229OU"
  ],
  "41158": [
    "sarndell",
    "B018Y229OU"
  ],
  "30858": [
    "MarkAdamColeVABeach757",
    "B018Y229OU"
  ],
  "69161": [
    "RonC",
    "B018Y229OU"
  ],
  "76564": [
    "Gnerd707",
    "B018Y229OU"
  ],
  "45664": [
    "Donna722",
    "B018Y229OU"
  ],
  "53067": [
    "Safi",
    "B018Y229OU"
  ],
  "32467": [
    "Chevyboy",
    "B018Y229OU"
  ],
  "39870": [
    "Fireuser",
    "B018Y229OU"
  ],
  "98773": [
    "jswader",
    "B018Y229OU"
  ],
  "67873": [
    "Shauna1982",
    "B018Y229OU"
  ],
  "16373": [
    "Edna",
    "B018Y229OU"
  ],
  "75276": [
    "DOCSGM",
    "B018Y229OU"
  ],
  "51779": [
    "lisa",
    "B018Y229OU"
  ],
  "48882": [
    "Tammi2",
    "B018Y229OU"
  ],
  "38582": [
    "margie",
    "B018Y229OU"
  ],
  "28282": [
    "cmrobbins",
    "B018Y229OU"
  ],
  "66585": [
    "bebeace54",
    "B018Y229OU"
  ],
  "15085": [
    "Emsmith1215",
    "B018Y229OU"
  ],
  "4785": [
    "Techgeek",
    "B018Y229OU"
  ],
  "94588": [
    "AmyE",
    "B018Y229OU"
  ],
  "63688": [
    "Zachary",
    "B018Y229OU"
  ],
  "43088": [
    "erick17211",
    "B018Y229OU"
  ],
  "60791": [
    "Barb",
    "B018Y229OU"
  ],
  "9291": [
    "superdave213",
    "B018Y229OU"
  ],
  "57894": [
    "Attilamac",
    "B018Y229OU"
  ],
  "37294": [
    "Grandma05",
    "B018Y229OU"
  ],
  "3497": [
    "Sher",
    "B018Y229OU"
  ],
  "21200": [
    "mas688",
    "B018Y229OU"
  ],
  "600": [
    "ElTejano",
    "B018Y229OU"
  ],
  "59503": [
    "Wizcat7",
    "B018Y229OU"
  ],
  "87506": [
    "Freckles",
    "B018Y229OU"
  ],
  "77206": [
    "JRog",
    "B018Y229OU"
  ],
  "46306": [
    "SGTED",
    "B018Y229OU"
  ],
  "30212": [
    "tiffs",
    "B018Y229OU"
  ],
  "78815": [
    "esta",
    "B018Y229OU"
  ],
  "68515": [
    "Sunrisej",
    "B018Y229OU"
  ],
  "47915": [
    "tech2",
    "B018Y229OU"
  ],
  "45018": [
    "Fun1",
    "B018Y229OU"
  ],
  "21521": [
    "Digitalog",
    "B018Y229OU"
  ],
  "80424": [
    "GamerDude",
    "B018Y229OU"
  ],
  "59824": [
    "Rock62",
    "B018Y229OU"
  ],
  "28924": [
    "HARVEY86",
    "B018Y229OU"
  ],
  "18624": [
    "jpd3",
    "B018Y229OU"
  ],
  "77527": [
    "Dustbuster",
    "B018Y229OU"
  ],
  "15727": [
    "Rellick",
    "B018Y229OU"
  ],
  "74630": [
    "Trum",
    "B018Y229OU"
  ],
  "33430": [
    "donnamoma",
    "B018Y229OU"
  ],
  "89436": [
    "safety78",
    "B018Y229OU"
  ],
  "79136": [
    "Bobo",
    "B018Y229OU"
  ],
  "37936": [
    "alirulzz",
    "B018Y229OU"
  ],
  "65939": [
    "rater",
    "B018Y229OU"
  ],
  "32142": [
    "RFL03",
    "B018Y229OU"
  ],
  "1242": [
    "Tabby",
    "B018Y229OU"
  ],
  "70445": [
    "AMP813",
    "B018Y229OU"
  ],
  "98448": [
    "yazminwd",
    "B018Y229OU"
  ]
}